unit_nr,time_cycles,setting_1,setting_2,setting_3,s_1,s_2,s_3,s_4,s_5,s_6,s_7,s_8,s_9,s_10,s_11,s_12,s_13,s_14,s_15,s_16,s_17,s_18,s_19,s_20,s_21
1,1,0.001,-0.0,100.0,518.67,641.17,1589.63,1399.16,14.62,21.6,554.91,2388.04,9046.36,1.3,47.28,520.73,2387.98,8132.98,8.344,0.03,391,2388,100.0,38.85,23.2468
1,2,0.0006,-0.0003,100.0,518.67,640.66,1589.52,1399.28,14.62,21.6,553.06,2387.98,9051.12,1.3,47.06,521.11,2387.97,8126.66,8.385,0.03,394,2388,100.0,38.89,23.2419
1,3,0.0016,-0.0004,100.0,518.67,641.08,1579.31,1394.97,14.62,21.6,554.32,2388.01,9049.42,1.3,47.18,520.15,2387.97,8124.71,8.436,0.03,392,2388,100.0,38.74,23.3084
1,4,-0.0008,-0.0002,100.0,518.67,641.18,1588.34,1404.1,14.62,21.6,553.65,2388.02,9058.26,1.3,47.16,520.76,2387.95,8115.96,8.43,0.03,393,2388,100.0,38.88,23.3398
1,5,0.0007,-0.0002,100.0,518.67,641.13,1589.93,1400.33,14.62,21.6,552.22,2388.05,9051.27,1.3,47.19,520.86,2387.91,8127.75,8.417,0.03,393,2388,100.0,38.84,23.2466
1,6,-0.001,0.0003,100.0,518.67,641.13,1583.79,1402.62,14.62,21.6,554.33,2387.97,9048.07,1.3,47.18,520.05,2388.02,8133.6,8.408,0.03,392,2388,100.0,38.76,23.2633
1,7,-0.0007,-0.0002,100.0,518.67,641.01,1586.65,1408.2,14.62,21.6,553.86,2388.01,9035.45,1.3,47.23,520.77,2388.13,8128.24,8.418,0.03,392,2388,100.0,38.77,23.3389
1,8,0.0015,0.0002,100.0,518.67,640.84,1589.71,1395.14,14.62,21.6,554.98,2387.96,9046.39,1.3,47.25,520.46,2387.93,8131.45,8.379,0.03,393,2388,100.0,38.79,23.3567
1,9,-0.0016,-0.0001,100.0,518.67,641.27,1581.87,1401.75,14.62,21.6,552.66,2388.02,9053.11,1.3,47.35,520.05,2387.94,8136.97,8.421,0.03,392,2388,100.0,38.89,23.2426
1,10,0.0005,0.0001,100.0,518.67,640.9,1591.22,1402.83,14.62,21.6,553.98,2387.97,9057.44,1.3,47.4,520.23,2388.06,8135.73,8.438,0.03,394,2388,100.0,38.83,23.2363
1,11,-0.0018,-0.0002,100.0,518.67,641.07,1586.71,1402.14,14.62,21.6,553.55,2388.09,9049.14,1.3,47.61,520.91,2387.97,8118.01,8.429,0.03,392,2388,100.0,38.91,23.295
1,12,-0.0001,-0.0003,100.0,518.67,640.72,1584.41,1404.55,14.62,21.6,552.75,2388.03,9054.46,1.3,47.15,520.64,2388.02,8117.22,8.426,0.03,393,2388,100.0,38.93,23.3214
1,13,-0.0028,-0.0003,100.0,518.67,641.23,1587.35,1403.28,14.62,21.6,553.8,2388.08,9059.12,1.3,47.35,520.37,2388.05,8121.74,8.41,0.03,392,2388,100.0,38.85,23.3819
1,14,-0.0037,0.0002,100.0,518.67,640.71,1584.46,1405.67,14.62,21.6,552.77,2387.99,9057.04,1.3,47.18,520.6,2388.02,8123.27,8.483,0.03,393,2388,100.0,38.67,23.2729
1,15,-0.0013,0.0003,100.0,518.67,640.92,1585.59,1403.43,14.62,21.6,552.65,2388.01,9047.92,1.3,47.19,521.34,2388.04,8116.04,8.447,0.03,394,2388,100.0,38.91,23.185
1,16,-0.001,0.0004,100.0,518.67,640.95,1587.33,1404.6,14.62,21.6,553.3,2387.86,9043.64,1.3,47.25,519.79,2388.1,8114.09,8.408,0.03,392,2388,100.0,38.94,23.1865
1,17,0.0023,0.0,100.0,518.67,640.89,1587.45,1402.39,14.62,21.6,553.33,2388.01,9052.86,1.3,47.37,521.17,2387.96,8156.92,8.364,0.03,392,2388,100.0,38.87,23.2698
1,18,-0.0012,-0.0001,100.0,518.67,641.02,1584.36,1405.09,14.62,21.6,552.83,2388.07,9054.52,1.3,47.4,520.66,2387.98,8124.68,8.446,0.03,393,2388,100.0,38.81,23.259
1,19,0.0026,-0.0002,100.0,518.67,641.29,1585.58,1400.91,14.62,21.6,553.7,2388.07,9062.62,1.3,47.3,520.65,2388.0,8135.37,8.421,0.03,392,2388,100.0,38.86,23.2096
1,20,0.0042,-0.0003,100.0,518.67,640.85,1589.72,1405.04,14.62,21.6,553.54,2388.03,9045.11,1.3,47.31,519.93,2388.07,8129.8,8.401,0.03,392,2388,100.0,38.84,23.2197
1,21,-0.0016,0.0001,100.0,518.67,641.23,1584.79,1400.08,14.62,21.6,552.26,2387.96,9046.66,1.3,47.28,520.39,2388.1,8141.93,8.423,0.03,392,2388,100.0,38.72,23.2444
1,22,-0.0006,0.0001,100.0,518.67,640.97,1587.93,1408.19,14.62,21.6,553.32,2388.07,9049.31,1.3,47.34,520.2,2388.03,8122.44,8.429,0.03,393,2388,100.0,38.91,23.2907
1,23,0.0043,-0.0002,100.0,518.67,641.4,1586.99,1410.92,14.62,21.6,552.54,2388.01,9035.64,1.3,47.25,519.78,2388.03,8135.9,8.486,0.03,393,2388,100.0,38.75,23.1952
1,24,0.001,-0.0004,100.0,518.67,641.65,1590.04,1400.37,14.62,21.6,553.81,2388.03,9062.65,1.3,47.12,519.83,2388.03,8132.44,8.418,0.03,393,2388,100.0,38.7,23.2304
1,25,0.0002,0.0002,100.0,518.67,641.37,1583.19,1396.21,14.62,21.6,553.16,2388.0,9065.27,1.3,47.35,520.68,2388.03,8156.68,8.485,0.03,392,2388,100.0,38.86,23.2672
1,26,0.0027,-0.0003,100.0,518.67,641.37,1589.8,1395.4,14.62,21.6,551.69,2388.03,9058.72,1.3,47.53,520.09,2388.11,8115.47,8.383,0.03,392,2388,100.0,38.81,23.2307
1,27,-0.0041,-0.0,100.0,518.67,640.88,1588.7,1404.0,14.62,21.6,552.57,2387.99,9052.59,1.3,47.46,519.52,2388.05,8125.75,8.411,0.03,392,2388,100.0,38.69,23.202
1,28,-0.0024,0.0006,100.0,518.67,641.23,1584.65,1403.48,14.62,21.6,552.7,2388.07,9059.27,1.3,47.28,519.69,2388.02,8104.56,8.391,0.03,394,2388,100.0,38.9,23.2146
1,29,0.0012,0.0001,100.0,518.67,642.0,1590.17,1402.21,14.62,21.6,551.83,2388.06,9047.27,1.3,47.17,519.62,2387.98,8152.51,8.464,0.03,393,2388,100.0,38.88,23.2283
1,30,-0.0017,0.0005,100.0,518.67,641.37,1583.76,1402.05,14.62,21.6,551.92,2388.09,9068.71,1.3,47.17,520.19,2388.0,8126.5,8.421,0.03,392,2388,100.0,38.76,23.1803
1,31,0.0005,-0.0,100.0,518.67,641.18,1584.21,1400.6,14.62,21.6,553.01,2388.0,9054.35,1.3,47.46,519.04,2388.06,8124.47,8.457,0.03,392,2388,100.0,38.61,23.1379
1,32,0.0001,0.0001,100.0,518.67,641.02,1588.92,1396.35,14.62,21.6,551.94,2388.02,9054.05,1.3,47.25,519.64,2388.08,8125.58,8.467,0.03,392,2388,100.0,38.79,23.2887
1,33,-0.0049,-0.0002,100.0,518.67,641.4,1586.45,1404.58,14.62,21.6,552.68,2388.04,9063.12,1.3,47.4,519.97,2388.01,8126.73,8.43,0.03,393,2388,100.0,38.71,23.2286
1,34,0.0042,0.0003,100.0,518.67,641.18,1590.73,1401.56,14.62,21.6,551.98,2387.96,9051.08,1.3,47.38,520.6,2388.05,8130.03,8.469,0.03,391,2388,100.0,38.76,23.25
1,35,-0.003,0.0003,100.0,518.67,641.36,1585.94,1405.81,14.62,21.6,552.65,2388.07,9050.34,1.3,47.27,520.14,2387.99,8133.59,8.431,0.03,393,2388,100.0,38.76,23.2607
1,36,-0.001,-0.0001,100.0,518.67,641.04,1585.92,1404.88,14.62,21.6,551.95,2388.1,9064.97,1.3,47.44,520.63,2388.0,8117.88,8.394,0.03,394,2388,100.0,38.78,23.2035
1,37,0.0006,-0.0003,100.0,518.67,641.9,1587.7,1403.91,14.62,21.6,552.75,2388.07,9047.92,1.3,47.45,520.59,2388.11,8152.01,8.433,0.03,392,2388,100.0,38.72,23.2064
1,38,0.0022,-0.0005,100.0,518.67,641.68,1586.9,1401.85,14.62,21.6,551.42,2388.1,9054.94,1.3,47.23,518.97,2388.02,8153.0,8.442,0.03,392,2388,100.0,38.7,23.1874
1,39,-0.0054,-0.0,100.0,518.67,641.25,1589.53,1411.05,14.62,21.6,552.21,2388.01,9075.06,1.3,47.41,519.59,2388.04,8135.42,8.446,0.03,392,2388,100.0,38.67,23.1968
1,40,-0.0011,-0.0002,100.0,518.67,641.34,1586.74,1409.77,14.62,21.6,552.99,2388.12,9038.0,1.3,47.36,519.36,2387.97,8123.79,8.419,0.03,394,2388,100.0,38.79,23.2594
1,41,0.0014,-0.0003,100.0,518.67,641.19,1589.03,1398.96,14.62,21.6,552.15,2388.05,9060.39,1.3,47.47,519.32,2388.1,8120.23,8.472,0.03,393,2388,100.0,38.68,23.2095
1,42,-0.0025,0.0003,100.0,518.67,641.28,1586.06,1408.13,14.62,21.6,551.4,2387.99,9059.66,1.3,47.25,520.35,2387.94,8153.64,8.461,0.03,393,2388,100.0,38.66,23.2106
1,43,-0.0001,0.0003,100.0,518.67,641.36,1588.14,1402.58,14.62,21.6,552.39,2387.98,9044.14,1.3,47.52,519.52,2388.04,8133.58,8.466,0.03,392,2388,100.0,38.64,23.1978
1,44,-0.002,0.0001,100.0,518.67,640.92,1590.84,1406.02,14.62,21.6,552.76,2388.15,9063.16,1.3,47.19,518.76,2388.01,8133.75,8.473,0.03,392,2388,100.0,38.71,23.1476
1,45,-0.0012,-0.0004,100.0,518.67,641.12,1583.76,1400.32,14.62,21.6,551.56,2388.2,9059.1,1.3,47.46,518.93,2388.08,8126.61,8.462,0.03,395,2388,100.0,38.68,23.2403
1,46,-0.0014,-0.0,100.0,518.67,641.8,1585.99,1411.56,14.62,21.6,551.75,2388.1,9063.05,1.3,47.52,518.54,2388.01,8130.62,8.458,0.03,393,2388,100.0,38.7,23.1134
1,47,0.0008,0.0002,100.0,518.67,641.51,1591.18,1407.74,14.62,21.6,552.0,2387.99,9058.82,1.3,47.47,519.42,2387.99,8120.7,8.493,0.03,393,2388,100.0,38.73,23.179
1,48,0.0001,0.0003,100.0,518.67,641.25,1588.29,1402.65,14.62,21.6,551.81,2388.09,9051.67,1.3,47.61,518.8,2388.04,8128.47,8.506,0.03,393,2388,100.0,38.76,23.1007
1,49,0.0005,0.0003,100.0,518.67,641.4,1591.26,1402.52,14.62,21.6,553.34,2388.06,9052.05,1.3,47.64,520.0,2388.02,8128.79,8.455,0.03,392,2388,100.0,38.6,23.1222
1,50,-0.0015,-0.0,100.0,518.67,641.45,1592.78,1400.69,14.62,21.6,551.79,2388.08,9061.13,1.3,47.31,519.37,2388.06,8139.82,8.474,0.03,395,2388,100.0,38.61,23.1432
1,51,-0.0012,-0.0002,100.0,518.67,641.24,1591.75,1410.46,14.62,21.6,551.38,2388.1,9051.43,1.3,47.55,519.24,2387.98,8152.55,8.52,0.03,393,2388,100.0,38.63,23.1815
1,52,0.0007,0.0002,100.0,518.67,641.91,1587.72,1401.68,14.62,21.6,551.39,2388.08,9070.31,1.3,47.4,519.22,2388.05,8148.32,8.544,0.03,393,2388,100.0,38.62,23.2168
1,53,0.0014,0.0006,100.0,518.67,641.56,1587.23,1407.33,14.62,21.6,552.28,2388.11,9064.61,1.3,47.63,519.76,2388.09,8132.14,8.473,0.03,394,2388,100.0,38.59,23.1804
1,54,-0.0008,0.0,100.0,518.67,641.74,1588.95,1405.25,14.62,21.6,552.2,2388.12,9073.49,1.3,47.44,519.14,2388.07,8153.15,8.467,0.03,393,2388,100.0,38.7,23.1687
1,55,-0.0009,0.0001,100.0,518.67,641.7,1585.36,1405.69,14.62,21.6,552.43,2388.01,9051.83,1.3,47.54,519.78,2388.05,8127.63,8.528,0.03,392,2388,100.0,38.47,23.1788
1,56,-0.001,-0.0003,100.0,518.67,641.61,1589.23,1402.99,14.62,21.6,552.19,2388.12,9055.62,1.3,47.73,518.42,2387.98,8126.07,8.472,0.03,393,2388,100.0,38.62,23.1718
1,57,-0.0025,0.0004,100.0,518.67,641.42,1591.91,1406.71,14.62,21.6,551.97,2388.11,9061.67,1.3,47.67,519.02,2388.09,8133.38,8.517,0.03,393,2388,100.0,38.78,23.1496
1,58,-0.0029,0.0,100.0,518.67,641.28,1591.15,1402.83,14.62,21.6,550.45,2388.07,9037.25,1.3,47.3,519.27,2388.1,8139.64,8.447,0.03,393,2388,100.0,38.63,23.091
1,59,0.003,0.0003,100.0,518.67,641.41,1588.77,1406.36,14.62,21.6,551.39,2388.06,9048.75,1.3,47.47,519.75,2388.09,8127.76,8.494,0.03,394,2388,100.0,38.7,23.1493
1,60,-0.0013,0.0002,100.0,518.67,641.57,1591.44,1408.17,14.62,21.6,551.18,2388.16,9058.46,1.3,47.78,518.47,2388.15,8137.06,8.459,0.03,393,2388,100.0,38.59,23.165
1,61,0.001,-0.0002,100.0,518.67,641.47,1595.24,1412.63,14.62,21.6,551.48,2388.1,9061.9,1.3,47.38,518.65,2387.98,8139.56,8.499,0.03,393,2388,100.0,38.74,23.0799
1,62,-0.0029,0.0001,100.0,518.67,641.75,1593.93,1403.98,14.62,21.6,551.39,2388.09,9064.17,1.3,47.61,517.95,2388.14,8151.4,8.462,0.03,394,2388,100.0,38.65,23.1516
1,63,-0.0011,-0.0002,100.0,518.67,641.49,1592.46,1408.08,14.62,21.6,551.84,2387.96,9066.41,1.3,47.3,518.52,2388.01,8119.39,8.517,0.03,393,2388,100.0,38.63,23.1336
1,64,0.001,0.0,100.0,518.67,641.18,1591.99,1404.02,14.62,21.6,551.08,2388.18,9064.14,1.3,47.49,518.49,2388.05,8159.92,8.495,0.03,394,2388,100.0,38.68,23.1453
1,65,-0.0005,-0.0001,100.0,518.67,641.49,1588.95,1409.0,14.62,21.6,551.73,2388.1,9058.08,1.3,47.28,519.09,2388.09,8147.05,8.398,0.03,395,2388,100.0,38.58,23.1861
1,66,-0.0021,0.0002,100.0,518.67,641.25,1587.25,1413.84,14.62,21.6,551.38,2388.15,9061.53,1.3,47.56,518.78,2388.19,8134.46,8.492,0.03,394,2388,100.0,38.68,23.1875
1,67,0.0013,-0.0003,100.0,518.67,641.93,1585.75,1407.49,14.62,21.6,551.17,2388.12,9060.25,1.3,47.6,519.36,2388.09,8132.3,8.516,0.03,394,2388,100.0,38.49,23.1554
1,68,0.0014,-0.0001,100.0,518.67,641.88,1588.8,1406.88,14.62,21.6,551.18,2388.05,9046.27,1.3,47.76,518.1,2388.02,8109.47,8.469,0.03,392,2388,100.0,38.71,23.1734
1,69,-0.0014,0.0007,100.0,518.67,641.78,1588.34,1396.47,14.62,21.6,550.29,2388.03,9066.09,1.3,47.88,519.18,2388.1,8142.53,8.515,0.03,394,2388,100.0,38.6,23.1255
1,70,-0.0001,-0.0002,100.0,518.67,641.48,1584.3,1406.17,14.62,21.6,550.42,2388.12,9069.16,1.3,47.68,517.66,2388.02,8146.76,8.462,0.03,393,2388,100.0,38.62,23.0693
1,71,0.0002,-0.0004,100.0,518.67,641.4,1590.4,1400.28,14.62,21.6,551.03,2388.14,9059.93,1.3,47.75,518.47,2388.05,8137.01,8.509,0.03,394,2388,100.0,38.57,23.08
1,72,-0.0013,-0.0004,100.0,518.67,642.0,1585.77,1403.98,14.62,21.6,551.54,2388.1,9068.23,1.3,47.49,518.51,2388.03,8161.37,8.458,0.03,394,2388,100.0,38.61,23.1332
1,73,-0.0004,-0.0,100.0,518.67,641.58,1589.12,1410.7,14.62,21.6,550.62,2388.05,9057.66,1.3,47.92,517.94,2388.16,8155.84,8.478,0.03,394,2388,100.0,38.69,23.0909
1,74,-0.0004,-0.0002,100.0,518.67,641.32,1587.68,1402.04,14.62,21.6,550.45,2388.13,9046.03,1.3,47.63,518.72,2387.98,8140.27,8.533,0.03,393,2388,100.0,38.69,23.1282
1,75,-0.0014,-0.0,100.0,518.67,641.73,1589.92,1409.19,14.62,21.6,550.98,2388.05,9057.7,1.3,47.47,517.9,2388.14,8148.96,8.516,0.03,393,2388,100.0,38.52,23.1653
1,76,0.0003,0.0007,100.0,518.67,641.69,1590.33,1405.89,14.62,21.6,550.74,2388.15,9066.36,1.3,47.49,517.56,2387.99,8142.03,8.466,0.03,392,2388,100.0,38.57,23.2267
1,77,-0.0,0.0003,100.0,518.67,641.62,1589.52,1410.9,14.62,21.6,550.95,2388.14,9053.48,1.3,47.73,518.11,2388.04,8142.45,8.473,0.03,394,2388,100.0,38.54,23.1538
1,78,0.0009,-0.0,100.0,518.67,641.81,1594.05,1409.54,14.62,21.6,549.96,2388.07,9056.5,1.3,47.53,518.06,2388.08,8142.45,8.499,0.03,394,2388,100.0,38.54,22.9981
1,79,-0.0019,-0.0,100.0,518.67,641.31,1591.74,1413.53,14.62,21.6,550.58,2388.2,9060.24,1.3,47.57,517.81,2388.07,8131.51,8.508,0.03,394,2388,100.0,38.53,23.1161
1,80,0.0024,0.0003,100.0,518.67,641.25,1582.34,1411.24,14.62,21.6,550.53,2388.07,9044.75,1.3,47.69,518.46,2388.05,8105.16,8.488,0.03,394,2388,100.0,38.41,23.1008
1,81,-0.0,0.0002,100.0,518.67,641.66,1587.14,1412.38,14.62,21.6,550.61,2388.08,9055.73,1.3,47.51,517.96,2388.17,8119.87,8.457,0.03,395,2388,100.0,38.5,23.0556
1,82,0.0021,-0.0002,100.0,518.67,642.1,1592.16,1405.74,14.62,21.6,550.22,2388.17,9061.79,1.3,47.8,518.79,2388.09,8127.37,8.521,0.03,393,2388,100.0,38.68,23.0933
1,83,-0.0007,0.0001,100.0,518.67,641.31,1587.27,1412.58,14.62,21.6,549.91,2388.16,9069.0,1.3,47.73,518.47,2388.05,8119.42,8.553,0.03,393,2388,100.0,38.49,23.1503
1,84,0.0011,0.0001,100.0,518.67,642.2,1588.32,1411.59,14.62,21.6,550.66,2388.21,9063.69,1.3,47.71,518.47,2388.07,8126.49,8.478,0.03,392,2388,100.0,38.67,23.0261
1,85,-0.0004,-0.0001,100.0,518.67,641.74,1592.76,1411.41,14.62,21.6,550.36,2388.15,9057.75,1.3,47.85,518.15,2388.13,8144.6,8.546,0.03,394,2388,100.0,38.4,23.0986
1,86,-0.0013,-0.0002,100.0,518.67,641.82,1594.09,1408.15,14.62,21.6,551.44,2388.15,9080.67,1.3,47.72,516.98,2388.13,8141.29,8.551,0.03,394,2388,100.0,38.49,23.0148
1,87,-0.0004,-0.0003,100.0,518.67,641.53,1592.2,1414.84,14.62,21.6,549.66,2388.16,9069.54,1.3,47.57,517.76,2388.09,8127.38,8.533,0.03,394,2388,100.0,38.53,23.0291
1,88,-0.0009,0.0002,100.0,518.67,641.59,1595.68,1406.65,14.62,21.6,550.89,2388.07,9046.0,1.3,47.46,518.42,2388.06,8167.57,8.498,0.03,394,2388,100.0,38.61,23.1711
1,89,0.0041,0.0004,100.0,518.67,641.95,1592.34,1411.46,14.62,21.6,549.8,2388.14,9058.84,1.3,47.6,518.1,2388.14,8138.01,8.56,0.03,393,2388,100.0,38.47,23.0324
1,90,-0.0037,-0.0,100.0,518.67,641.67,1595.17,1410.96,14.62,21.6,551.36,2388.2,9064.97,1.3,47.64,517.24,2388.08,8150.1,8.574,0.03,395,2388,100.0,38.44,23.0096
1,91,0.0003,-0.0005,100.0,518.67,641.79,1590.24,1406.67,14.62,21.6,550.52,2388.12,9051.07,1.3,47.3,517.67,2388.18,8157.04,8.505,0.03,393,2388,100.0,38.51,23.0131
1,92,0.0006,0.0002,100.0,518.67,642.03,1590.45,1407.81,14.62,21.6,549.67,2388.13,9063.48,1.3,47.8,517.24,2388.17,8133.93,8.519,0.03,393,2388,100.0,38.27,23.1046
1,93,0.0015,-0.0001,100.0,518.67,641.74,1592.36,1402.47,14.62,21.6,550.6,2388.08,9063.0,1.3,47.51,517.84,2388.1,8117.88,8.556,0.03,393,2388,100.0,38.4,23.0678
1,94,0.0023,-0.0003,100.0,518.67,641.75,1592.16,1411.58,14.62,21.6,549.86,2388.11,9061.46,1.3,47.55,516.11,2388.12,8148.19,8.452,0.03,393,2388,100.0,38.51,23.1581
1,95,0.0,-0.0002,100.0,518.67,641.7,1595.06,1406.32,14.62,21.6,549.75,2388.1,9061.87,1.3,47.91,517.7,2388.09,8133.92,8.477,0.03,395,2388,100.0,38.45,23.0436
1,96,0.0064,0.0001,100.0,518.67,641.56,1589.72,1413.59,14.62,21.6,549.14,2388.2,9055.65,1.3,47.94,518.04,2388.08,8152.87,8.527,0.03,395,2388,100.0,38.49,23.0077
1,97,-0.0013,0.0003,100.0,518.67,641.67,1589.85,1405.27,14.62,21.6,551.2,2388.1,9061.31,1.3,47.89,517.42,2388.12,8124.83,8.539,0.03,394,2388,100.0,38.52,23.1068
1,98,0.0052,0.0002,100.0,518.67,641.85,1591.71,1407.77,14.62,21.6,549.74,2388.16,9071.77,1.3,47.58,518.0,2388.17,8136.24,8.464,0.03,394,2388,100.0,38.54,23.0436
1,99,-0.002,-0.0002,100.0,518.67,641.98,1592.83,1408.33,14.62,21.6,549.64,2388.11,9074.27,1.3,47.67,518.0,2388.18,8149.71,8.516,0.03,394,2388,100.0,38.43,22.997
1,100,0.0006,-0.0004,100.0,518.67,642.08,1589.86,1410.18,14.62,21.6,549.68,2388.19,9057.66,1.3,47.83,516.68,2388.11,8161.08,8.5,0.03,394,2388,100.0,38.47,23.0486
1,101,0.0007,0.0001,100.0,518.67,641.95,1594.64,1411.11,14.62,21.6,550.2,2388.25,9060.51,1.3,47.6,517.87,2388.1,8111.82,8.557,0.03,394,2388,100.0,38.42,23.0536
1,102,0.0004,0.0002,100.0,518.67,641.69,1592.91,1408.52,14.62,21.6,550.12,2388.11,9070.38,1.3,47.66,517.69,2388.12,8160.03,8.526,0.03,394,2388,100.0,38.42,23.0192
1,103,0.0016,-0.0005,100.0,518.67,641.54,1588.23,1413.46,14.62,21.6,549.65,2388.15,9062.36,1.3,47.89,516.78,2388.12,8149.75,8.549,0.03,394,2388,100.0,38.5,22.8966
1,104,0.0014,-0.0002,100.0,518.67,641.35,1593.03,1415.24,14.62,21.6,550.24,2388.24,9072.44,1.3,47.95,517.58,2388.11,8118.9,8.528,0.03,393,2388,100.0,38.59,23.0204
1,105,0.0002,0.0002,100.0,518.67,641.83,1596.65,1407.35,14.62,21.6,549.18,2388.1,9057.14,1.3,47.74,516.96,2388.07,8121.33,8.534,0.03,393,2388,100.0,38.47,23.0307
1,106,-0.0029,-0.0001,100.0,518.67,641.64,1592.58,1415.3,14.62,21.6,549.65,2388.16,9067.52,1.3,47.78,516.76,2388.09,8128.73,8.57,0.03,394,2388,100.0,38.56,23.0209
1,107,-0.0014,-0.0005,100.0,518.67,641.39,1586.94,1411.1,14.62,21.6,548.59,2388.21,9058.4,1.3,47.78,517.91,2388.16,8135.14,8.513,0.03,393,2388,100.0,38.34,23.0108
1,108,-0.002,-0.0,100.0,518.67,641.86,1591.08,1407.52,14.62,21.6,549.77,2388.11,9073.66,1.3,47.75,517.07,2388.15,8141.24,8.569,0.03,394,2388,100.0,38.34,23.0368
1,109,-0.0023,0.0,100.0,518.67,641.84,1591.19,1409.7,14.62,21.6,549.13,2388.17,9063.77,1.3,47.63,517.66,2388.07,8150.15,8.555,0.03,394,2388,100.0,38.53,22.9565
1,110,0.0018,0.0003,100.0,518.67,641.69,1596.05,1409.31,14.62,21.6,549.57,2388.17,9069.09,1.3,47.88,516.12,2388.18,8118.64,8.574,0.03,395,2388,100.0,38.3,22.993
1,111,-0.0022,-0.0001,100.0,518.67,641.79,1594.28,1415.65,14.62,21.6,549.04,2388.16,9049.25,1.3,47.67,517.44,2388.2,8123.86,8.527,0.03,394,2388,100.0,38.4,22.9705
1,112,0.0008,-0.0001,100.0,518.67,641.87,1593.64,1410.53,14.62,21.6,549.27,2388.17,9059.87,1.3,47.75,517.72,2388.14,8135.2,8.567,0.03,394,2388,100.0,38.47,23.0268
1,113,-0.0002,0.0001,100.0,518.67,641.49,1588.68,1405.82,14.62,21.6,550.33,2388.29,9068.05,1.3,47.85,515.98,2388.09,8129.37,8.529,0.03,394,2388,100.0,38.33,22.9068
1,114,0.0015,-0.0003,100.0,518.67,641.95,1598.35,1407.01,14.62,21.6,549.08,2388.23,9078.73,1.3,47.63,517.09,2388.1,8137.63,8.628,0.03,393,2388,100.0,38.39,23.0265
1,115,0.0022,0.0,100.0,518.67,641.98,1591.01,1411.86,14.62,21.6,549.58,2388.16,9066.19,1.3,47.8,517.37,2388.12,8117.71,8.588,0.03,394,2388,100.0,38.31,22.9707
1,116,0.0027,-0.0006,100.0,518.67,642.69,1595.42,1411.77,14.62,21.6,549.34,2388.21,9068.45,1.3,47.88,516.82,2388.11,8137.25,8.545,0.03,395,2388,100.0,38.4,22.8509
1,117,0.0013,0.0001,100.0,518.67,641.91,1591.15,1415.47,14.62,21.6,548.66,2388.2,9055.63,1.3,47.63,516.42,2388.16,8150.58,8.568,0.03,395,2388,100.0,38.39,22.9632
1,118,0.0009,0.0002,100.0,518.67,642.11,1595.94,1413.9,14.62,21.6,549.73,2388.18,9056.47,1.3,47.79,516.33,2388.09,8137.48,8.53,0.03,394,2388,100.0,38.2,23.0034
1,119,0.0,-0.0002,100.0,518.67,642.09,1595.25,1404.73,14.62,21.6,548.58,2388.14,9070.27,1.3,47.79,516.53,2388.02,8146.92,8.518,0.03,395,2388,100.0,38.36,23.0581
1,120,-0.0026,-0.0009,100.0,518.67,641.98,1597.9,1416.21,14.62,21.6,548.71,2388.23,9055.96,1.3,47.89,516.88,2388.18,8172.49,8.568,0.03,394,2388,100.0,38.34,22.899
1,121,-0.0014,-0.0001,100.0,518.67,641.81,1593.02,1408.05,14.62,21.6,548.96,2388.19,9061.24,1.3,47.85,517.0,2388.08,8131.56,8.548,0.03,393,2388,100.0,38.27,22.9611
1,122,0.0017,0.0001,100.0,518.67,642.0,1595.18,1410.89,14.62,21.6,548.85,2388.2,9059.32,1.3,47.52,516.48,2388.2,8150.65,8.588,0.03,396,2388,100.0,38.34,22.9922
1,123,-0.0012,-0.0001,100.0,518.67,642.11,1596.3,1410.97,14.62,21.6,548.88,2388.22,9052.54,1.3,47.54,516.24,2388.07,8133.51,8.556,0.03,394,2388,100.0,38.44,22.996
1,124,0.0006,0.0002,100.0,518.67,641.68,1595.87,1411.32,14.62,21.6,548.19,2388.12,9070.75,1.3,47.89,516.03,2388.09,8153.19,8.526,0.03,396,2388,100.0,38.25,23.009
1,125,-0.0007,0.0002,100.0,518.67,641.84,1592.32,1411.88,14.62,21.6,549.24,2388.17,9062.49,1.3,47.72,515.16,2388.12,8168.72,8.586,0.03,395,2388,100.0,38.29,22.9756
1,126,0.0011,-0.0004,100.0,518.67,642.26,1595.02,1414.69,14.62,21.6,548.76,2388.23,9069.17,1.3,47.81,516.12,2388.14,8158.43,8.527,0.03,393,2388,100.0,38.32,22.9744
1,127,0.0003,0.0001,100.0,518.67,641.94,1597.41,1405.5,14.62,21.6,548.65,2388.12,9063.15,1.3,48.08,516.38,2388.14,8124.8,8.547,0.03,394,2388,100.0,38.28,23.0334
1,128,0.0011,-0.0003,100.0,518.67,642.06,1594.49,1416.56,14.62,21.6,548.06,2388.16,9054.61,1.3,47.84,516.57,2388.18,8139.09,8.557,0.03,395,2388,100.0,38.23,23.0711
1,129,-0.0032,0.0001,100.0,518.67,642.51,1593.08,1411.33,14.62,21.6,548.52,2388.27,9047.09,1.3,48.07,515.58,2388.12,8134.93,8.586,0.03,393,2388,100.0,38.33,23.0653
1,130,-0.0027,0.0001,100.0,518.67,641.85,1594.4,1412.26,14.62,21.6,548.88,2388.29,9063.37,1.3,47.97,515.61,2388.09,8145.83,8.614,0.03,395,2388,100.0,38.27,22.9614
1,131,-0.0025,0.0002,100.0,518.67,642.24,1591.83,1410.4,14.62,21.6,548.28,2388.2,9081.81,1.3,47.85,516.04,2388.1,8149.16,8.565,0.03,394,2388,100.0,38.39,23.0298
1,132,-0.0012,-0.0006,100.0,518.67,642.28,1591.2,1415.54,14.62,21.6,549.04,2388.15,9070.97,1.3,47.89,515.71,2388.12,8148.55,8.575,0.03,395,2388,100.0,38.44,22.878
1,133,0.0032,0.0,100.0,518.67,641.81,1589.32,1411.71,14.62,21.6,548.38,2388.28,9053.63,1.3,47.89,515.52,2388.16,8151.03,8.561,0.03,393,2388,100.0,38.29,22.9755
1,134,0.0008,0.0004,100.0,518.67,641.78,1595.42,1417.33,14.62,21.6,548.61,2388.18,9064.7,1.3,47.94,515.87,2388.11,8140.88,8.542,0.03,394,2388,100.0,38.33,22.8936
1,135,0.0013,0.0001,100.0,518.67,641.62,1591.4,1417.43,14.62,21.6,548.1,2388.23,9071.74,1.3,47.87,515.78,2388.21,8161.41,8.605,0.03,395,2388,100.0,38.2,22.9069
1,136,0.001,0.0001,100.0,518.67,642.41,1595.45,1406.74,14.62,21.6,547.73,2388.19,9067.58,1.3,48.17,517.6,2388.17,8138.43,8.593,0.03,396,2388,100.0,38.24,23.0356
1,137,0.0005,0.0001,100.0,518.67,642.24,1594.83,1416.2,14.62,21.6,547.96,2388.16,9069.21,1.3,48.01,516.23,2388.23,8140.64,8.598,0.03,394,2388,100.0,38.23,22.978
1,138,0.0017,-0.0001,100.0,518.67,642.06,1589.07,1411.51,14.62,21.6,548.6,2388.24,9066.21,1.3,47.92,515.64,2388.18,8145.83,8.594,0.03,394,2388,100.0,38.08,22.9955
1,139,-0.001,-0.0003,100.0,518.67,642.26,1592.51,1417.27,14.62,21.6,548.62,2388.15,9075.62,1.3,47.96,515.75,2388.15,8119.54,8.593,0.03,394,2388,100.0,38.14,22.8619
1,140,0.0022,-0.0002,100.0,518.67,642.48,1592.14,1406.3,14.62,21.6,548.91,2388.21,9061.66,1.3,47.95,516.15,2388.2,8158.32,8.571,0.03,394,2388,100.0,38.21,22.9484
1,141,-0.0019,-0.0003,100.0,518.67,642.19,1593.67,1413.35,14.62,21.6,547.99,2388.17,9073.28,1.3,48.07,514.94,2388.1,8123.06,8.564,0.03,395,2388,100.0,38.12,22.8867
1,142,-0.002,0.0001,100.0,518.67,642.13,1591.71,1414.02,14.62,21.6,547.92,2388.31,9076.99,1.3,47.77,516.24,2388.19,8127.31,8.609,0.03,396,2388,100.0,38.14,22.8843
1,143,0.002,0.0001,100.0,518.67,642.26,1594.96,1414.97,14.62,21.6,548.67,2388.28,9064.55,1.3,47.94,515.02,2388.17,8148.04,8.584,0.03,396,2388,100.0,38.2,22.9558
1,144,-0.002,-0.0,100.0,518.67,642.08,1594.68,1412.02,14.62,21.6,548.5,2388.2,9053.65,1.3,48.18,516.44,2388.09,8149.53,8.572,0.03,395,2388,100.0,38.25,22.9133
1,145,-0.0016,-0.0002,100.0,518.67,641.9,1591.57,1413.33,14.62,21.6,548.37,2388.3,9061.97,1.3,47.99,515.96,2388.17,8142.24,8.611,0.03,395,2388,100.0,38.12,22.9659
1,146,0.0018,-0.0002,100.0,518.67,642.15,1596.17,1412.85,14.62,21.6,549.33,2388.19,9055.68,1.3,48.0,516.04,2388.14,8158.85,8.55,0.03,396,2388,100.0,38.17,23.0058
1,147,0.004,-0.0002,100.0,518.67,642.01,1596.77,1412.23,14.62,21.6,547.89,2388.13,9066.73,1.3,47.88,515.39,2388.23,8126.41,8.616,0.03,395,2388,100.0,38.19,22.9567
1,148,0.0007,0.0002,100.0,518.67,642.4,1593.26,1411.43,14.62,21.6,547.34,2388.38,9076.92,1.3,47.8,514.94,2388.18,8148.13,8.609,0.03,395,2388,100.0,38.2,22.931
1,149,0.0002,-0.0007,100.0,518.67,642.11,1591.76,1414.67,14.62,21.6,548.01,2388.22,9074.45,1.3,48.04,515.78,2388.19,8166.32,8.56,0.03,395,2388,100.0,38.13,22.9398
1,150,-0.0018,-0.0001,100.0,518.67,642.1,1597.3,1417.74,14.62,21.6,547.78,2388.2,9057.12,1.3,47.95,515.38,2388.28,8146.91,8.554,0.03,395,2388,100.0,38.28,23.0138
1,151,-0.0032,-0.0006,100.0,518.67,642.65,1595.61,1410.68,14.62,21.6,546.13,2388.24,9069.92,1.3,48.11,514.99,2388.16,8130.69,8.604,0.03,394,2388,100.0,38.16,22.857
1,152,0.0013,0.0003,100.0,518.67,642.13,1594.61,1408.46,14.62,21.6,547.64,2388.37,9058.52,1.3,48.18,515.96,2388.17,8162.98,8.609,0.03,395,2388,100.0,38.18,22.9653
1,153,0.0022,-0.0002,100.0,518.67,641.87,1593.95,1411.14,14.62,21.6,548.37,2388.22,9067.19,1.3,48.0,515.85,2388.05,8134.67,8.606,0.03,396,2388,100.0,38.14,22.8077
1,154,0.0012,-0.0002,100.0,518.67,641.91,1592.75,1413.7,14.62,21.6,546.26,2388.29,9077.84,1.3,48.09,514.82,2388.15,8141.95,8.618,0.03,396,2388,100.0,38.12,22.9031
1,155,0.0009,0.0004,100.0,518.67,642.39,1597.05,1414.87,14.62,21.6,547.79,2388.2,9078.99,1.3,48.1,515.13,2388.14,8145.67,8.616,0.03,395,2388,100.0,38.2,22.9814
1,156,0.0021,0.0001,100.0,518.67,642.45,1591.65,1416.22,14.62,21.6,547.37,2388.2,9062.66,1.3,47.87,514.92,2388.14,8125.32,8.604,0.03,396,2388,100.0,38.1,22.9697
1,157,0.001,0.0003,100.0,518.67,642.06,1597.38,1410.35,14.62,21.6,547.56,2388.27,9058.58,1.3,47.9,515.57,2388.12,8147.82,8.563,0.03,396,2388,100.0,38.07,22.9188
1,158,0.0013,-0.0002,100.0,518.67,642.38,1595.66,1412.66,14.62,21.6,546.24,2388.26,9055.59,1.3,48.04,515.11,2388.2,8138.72,8.596,0.03,396,2388,100.0,38.19,22.9043
1,159,0.0009,-0.0005,100.0,518.67,642.43,1596.77,1410.84,14.62,21.6,547.35,2388.24,9070.89,1.3,48.21,515.74,2388.1,8149.89,8.647,0.03,396,2388,100.0,38.24,22.9866
1,160,0.002,0.0001,100.0,518.67,642.51,1595.43,1415.1,14.62,21.6,548.27,2388.21,9080.59,1.3,48.1,514.47,2388.19,8117.3,8.627,0.03,396,2388,100.0,38.1,22.8895
1,161,0.0039,-0.0002,100.0,518.67,641.99,1599.51,1422.94,14.62,21.6,547.9,2388.32,9062.51,1.3,47.98,515.75,2388.25,8149.33,8.583,0.03,397,2388,100.0,38.1,22.864
1,162,0.0007,0.0005,100.0,518.67,642.48,1596.37,1417.04,14.62,21.6,547.58,2388.13,9066.19,1.3,48.08,514.52,2388.19,8140.2,8.664,0.03,397,2388,100.0,38.1,22.8706
1,163,-0.0001,-0.0001,100.0,518.67,642.32,1592.91,1410.76,14.62,21.6,547.59,2388.21,9075.84,1.3,47.97,515.18,2388.21,8142.33,8.626,0.03,395,2388,100.0,38.12,22.8652
1,164,-0.0015,-0.0001,100.0,518.67,641.89,1593.78,1414.24,14.62,21.6,547.02,2388.25,9072.63,1.3,48.17,514.7,2388.11,8130.31,8.599,0.03,395,2388,100.0,38.07,22.8081
1,165,-0.0009,0.0001,100.0,518.67,642.44,1593.64,1413.82,14.62,21.6,547.11,2388.22,9073.49,1.3,47.83,514.8,2388.19,8145.1,8.696,0.03,396,2388,100.0,38.05,22.8655
1,166,-0.0036,-0.0,100.0,518.67,642.09,1598.12,1413.36,14.62,21.6,546.7,2388.35,9066.45,1.3,48.3,515.35,2388.2,8147.39,8.628,0.03,394,2388,100.0,38.1,22.91
1,167,-0.0001,-0.0004,100.0,518.67,642.29,1600.55,1420.64,14.62,21.6,547.61,2388.24,9055.5,1.3,47.95,515.69,2388.16,8140.13,8.608,0.03,397,2388,100.0,38.25,22.976
1,168,-0.0003,0.0001,100.0,518.67,641.93,1599.93,1411.08,14.62,21.6,546.34,2388.23,9062.55,1.3,48.0,514.61,2388.15,8153.13,8.586,0.03,396,2388,100.0,38.21,22.8368
1,169,-0.0014,-0.0001,100.0,518.67,642.62,1596.14,1413.72,14.62,21.6,546.3,2388.3,9072.63,1.3,48.04,514.42,2388.13,8149.62,8.657,0.03,395,2388,100.0,38.14,22.7555
1,170,-0.0012,-0.0,100.0,518.67,642.1,1592.82,1413.27,14.62,21.6,546.8,2388.15,9052.51,1.3,48.01,515.03,2388.04,8137.28,8.606,0.03,397,2388,100.0,38.07,22.8764
1,171,0.0003,-0.0006,100.0,518.67,642.53,1596.33,1418.06,14.62,21.6,545.62,2388.35,9067.29,1.3,48.13,514.74,2388.16,8136.52,8.633,0.03,394,2388,100.0,38.16,22.8339
1,172,-0.0023,-0.0001,100.0,518.67,642.66,1594.14,1417.56,14.62,21.6,547.29,2388.3,9084.5,1.3,48.07,515.06,2388.18,8158.99,8.602,0.03,396,2388,100.0,38.08,22.8489
1,173,0.0002,0.0001,100.0,518.67,642.32,1596.46,1422.53,14.62,21.6,547.31,2388.25,9062.71,1.3,48.23,515.13,2388.25,8136.27,8.618,0.03,394,2388,100.0,38.06,22.8993
1,174,-0.0009,0.0002,100.0,518.67,642.31,1596.85,1411.72,14.62,21.6,544.96,2388.26,9056.89,1.3,48.26,515.04,2388.2,8161.85,8.598,0.03,397,2388,100.0,38.16,22.835
1,175,0.0023,-0.0003,100.0,518.67,642.16,1594.11,1414.29,14.62,21.6,547.44,2388.26,9072.87,1.3,48.04,513.71,2388.2,8120.72,8.626,0.03,395,2388,100.0,38.24,22.8898
1,176,0.0002,0.0004,100.0,518.67,642.16,1597.63,1417.3,14.62,21.6,547.43,2388.31,9072.48,1.3,47.9,514.1,2388.18,8144.87,8.595,0.03,398,2388,100.0,38.2,22.8718
1,177,0.0001,-0.0001,100.0,518.67,642.14,1596.29,1417.62,14.62,21.6,546.83,2388.27,9055.02,1.3,48.01,514.34,2388.28,8150.51,8.59,0.03,396,2388,100.0,37.95,22.8932
1,178,-0.0009,-0.0,100.0,518.67,642.72,1592.26,1411.1,14.62,21.6,547.21,2388.2,9047.74,1.3,48.07,514.79,2388.25,8138.35,8.619,0.03,397,2388,100.0,37.92,22.817
1,179,0.0004,0.0001,100.0,518.67,642.27,1596.29,1406.83,14.62,21.6,546.81,2388.23,9070.98,1.3,48.19,514.3,2388.19,8132.43,8.627,0.03,396,2388,100.0,38.07,22.8045
1,180,0.0004,0.0002,100.0,518.67,641.89,1599.73,1415.53,14.62,21.6,547.22,2388.21,9064.95,1.3,48.1,514.05,2388.27,8133.78,8.618,0.03,396,2388,100.0,37.96,22.8115
1,181,0.0006,-0.0001,100.0,518.67,642.39,1594.72,1410.91,14.62,21.6,547.51,2388.28,9072.54,1.3,48.23,513.77,2388.27,8146.57,8.685,0.03,395,2388,100.0,38.2,22.8674
1,182,0.0011,0.0001,100.0,518.67,642.36,1599.98,1417.62,14.62,21.6,545.75,2388.28,9073.33,1.3,48.14,514.97,2388.09,8145.94,8.582,0.03,396,2388,100.0,38.04,22.847
1,183,-0.0017,0.0004,100.0,518.67,642.69,1598.19,1416.64,14.62,21.6,545.95,2388.33,9084.16,1.3,48.29,513.96,2388.21,8128.78,8.655,0.03,396,2388,100.0,37.89,22.7653
1,184,-0.0006,-0.0001,100.0,518.67,642.14,1597.67,1418.26,14.62,21.6,545.88,2388.34,9084.33,1.3,48.1,513.99,2388.22,8140.08,8.635,0.03,396,2388,100.0,37.88,22.8867
1,185,0.0001,-0.0001,100.0,518.67,642.42,1596.45,1410.42,14.62,21.6,546.32,2388.31,9078.81,1.3,48.03,514.49,2388.18,8154.61,8.577,0.03,396,2388,100.0,37.98,22.8398
1,186,0.0009,-0.0002,100.0,518.67,642.28,1596.29,1413.85,14.62,21.6,546.03,2388.15,9068.31,1.3,48.03,513.4,2388.13,8145.84,8.682,0.03,396,2388,100.0,37.98,22.8384
1,187,-0.0009,-0.0002,100.0,518.67,642.17,1591.43,1415.97,14.62,21.6,546.15,2388.27,9063.86,1.3,48.25,513.52,2388.23,8132.58,8.621,0.03,395,2388,100.0,37.98,22.8618
1,188,0.001,0.0003,100.0,518.67,642.6,1593.44,1416.3,14.62,21.6,546.97,2388.23,9078.69,1.3,48.3,515.06,2388.18,8153.24,8.713,0.03,395,2388,100.0,37.9,22.7164
1,189,0.0014,-0.0006,100.0,518.67,642.38,1598.12,1418.46,14.62,21.6,546.26,2388.36,9064.04,1.3,48.1,513.72,2388.24,8155.57,8.66,0.03,397,2388,100.0,37.92,22.8912
1,190,0.003,0.0002,100.0,518.67,642.93,1591.91,1415.71,14.62,21.6,546.52,2388.24,9077.83,1.3,48.37,514.42,2388.21,8132.99,8.622,0.03,397,2388,100.0,38.07,22.8033
1,191,-0.0008,-0.0006,100.0,518.67,642.22,1602.67,1412.78,14.62,21.6,546.65,2388.24,9073.36,1.3,48.32,514.04,2388.34,8124.9,8.68,0.03,396,2388,100.0,38.07,22.8247
1,192,-0.0015,0.0001,100.0,518.67,642.04,1598.81,1419.19,14.62,21.6,546.63,2388.32,9073.18,1.3,48.09,513.64,2388.26,8162.24,8.643,0.03,396,2388,100.0,37.93,22.8586
2,1,0.0013,0.0006,100.0,518.67,640.79,1583.91,1400.99,14.62,21.6,553.84,2387.96,9057.13,1.3,47.3,520.52,2388.07,8144.09,8.405,0.03,392,2388,100.0,38.94,23.2552
2,2,0.0001,-0.0006,100.0,518.67,641.23,1580.4,1406.14,14.62,21.6,553.82,2387.97,9047.85,1.3,47.39,519.71,2388.07,8134.16,8.366,0.03,391,2388,100.0,39.03,23.2492
2,3,-0.0023,0.0003,100.0,518.67,641.1,1582.31,1401.05,14.62,21.6,554.58,2388.06,9054.49,1.3,47.26,521.81,2388.0,8115.97,8.416,0.03,394,2388,100.0,38.81,23.2767
2,4,0.0008,-0.0,100.0,518.67,640.78,1588.53,1409.53,14.62,21.6,553.35,2387.93,9052.37,1.3,47.36,521.14,2388.0,8123.14,8.371,0.03,393,2388,100.0,38.96,23.2157
2,5,0.0032,0.0002,100.0,518.67,641.38,1581.18,1394.85,14.62,21.6,554.16,2388.1,9056.03,1.3,47.19,520.36,2388.06,8118.68,8.453,0.03,392,2388,100.0,39.01,23.3252
2,6,-0.0003,-0.0002,100.0,518.67,640.95,1586.54,1400.68,14.62,21.6,553.73,2388.01,9033.43,1.3,47.28,520.36,2387.95,8110.07,8.351,0.03,391,2388,100.0,38.82,23.3872
2,7,-0.0011,0.0001,100.0,518.67,641.14,1585.69,1400.13,14.62,21.6,554.68,2388.1,9037.08,1.3,47.09,520.69,2387.96,8136.44,8.384,0.03,394,2388,100.0,38.97,23.2984
2,8,0.0021,0.0003,100.0,518.67,640.9,1582.89,1400.81,14.62,21.6,553.86,2387.93,9044.19,1.3,47.22,520.77,2388.1,8113.79,8.422,0.03,393,2388,100.0,39.06,23.2658
2,9,0.001,0.0002,100.0,518.67,641.1,1585.08,1402.31,14.62,21.6,554.16,2388.02,9048.91,1.3,47.5,520.44,2387.99,8154.37,8.383,0.03,392,2388,100.0,38.86,23.3264
2,10,0.0004,-0.0004,100.0,518.67,640.92,1583.6,1400.32,14.62,21.6,553.97,2387.92,9059.28,1.3,47.27,521.45,2388.03,8143.74,8.423,0.03,393,2388,100.0,38.91,23.2777
2,11,0.0045,0.0003,100.0,518.67,641.2,1581.63,1395.54,14.62,21.6,553.78,2387.98,9051.97,1.3,47.44,521.08,2387.95,8129.24,8.385,0.03,392,2388,100.0,38.83,23.257
2,12,-0.0025,-0.0,100.0,518.67,640.92,1576.71,1408.96,14.62,21.6,553.44,2388.01,9041.55,1.3,47.46,521.66,2388.02,8142.91,8.416,0.03,391,2388,100.0,38.83,23.2857
2,13,-0.0009,-0.0001,100.0,518.67,641.05,1585.3,1401.02,14.62,21.6,553.21,2387.95,9058.82,1.3,46.97,521.26,2388.08,8127.05,8.333,0.03,392,2388,100.0,38.85,23.2268
2,14,-0.001,0.0005,100.0,518.67,641.24,1582.81,1394.49,14.62,21.6,553.48,2388.04,9046.79,1.3,47.32,521.63,2388.05,8130.15,8.407,0.03,392,2388,100.0,38.95,23.2442
2,15,0.0001,0.0,100.0,518.67,640.95,1581.51,1402.23,14.62,21.6,553.88,2387.99,9060.92,1.3,47.14,521.49,2387.92,8136.0,8.427,0.03,392,2388,100.0,38.89,23.3378
2,16,-0.0044,0.0002,100.0,518.67,640.46,1582.77,1407.52,14.62,21.6,552.85,2388.01,9067.77,1.3,47.02,520.08,2388.09,8153.13,8.411,0.03,391,2388,100.0,39.02,23.3518
2,17,0.0014,-0.0002,100.0,518.67,641.08,1585.23,1402.39,14.62,21.6,554.05,2387.96,9062.32,1.3,47.3,520.93,2388.09,8117.55,8.414,0.03,392,2388,100.0,38.72,23.2877
2,18,0.005,-0.0006,100.0,518.67,641.09,1587.67,1401.62,14.62,21.6,552.72,2388.03,9045.33,1.3,46.98,521.16,2388.06,8131.56,8.423,0.03,393,2388,100.0,38.86,23.3138
2,19,-0.0006,0.0004,100.0,518.67,641.18,1586.38,1396.11,14.62,21.6,552.97,2387.99,9044.93,1.3,47.13,521.6,2388.08,8154.04,8.38,0.03,392,2388,100.0,38.74,23.2321
2,20,-0.0018,0.0004,100.0,518.67,641.01,1589.04,1403.67,14.62,21.6,552.55,2388.08,9060.7,1.3,47.14,521.02,2388.03,8128.32,8.393,0.03,392,2388,100.0,39.0,23.2652
2,21,0.0016,-0.0002,100.0,518.67,640.91,1589.12,1395.92,14.62,21.6,553.44,2388.03,9050.18,1.3,47.32,520.83,2388.05,8119.27,8.41,0.03,393,2388,100.0,38.91,23.1948
2,22,0.0007,-0.0006,100.0,518.67,641.13,1591.61,1397.59,14.62,21.6,553.85,2387.95,9046.62,1.3,47.35,520.15,2388.0,8140.08,8.432,0.03,393,2388,100.0,38.8,23.2802
2,23,-0.0002,0.0001,100.0,518.67,641.0,1585.41,1397.48,14.62,21.6,552.87,2387.97,9053.83,1.3,47.31,520.83,2387.99,8136.1,8.437,0.03,393,2388,100.0,38.76,23.2674
2,24,0.0007,0.0,100.0,518.67,640.6,1586.48,1410.36,14.62,21.6,552.89,2388.04,9054.34,1.3,47.44,519.79,2388.05,8138.34,8.417,0.03,393,2388,100.0,38.91,23.3018
2,25,-0.0023,0.0002,100.0,518.67,641.11,1586.26,1401.86,14.62,21.6,554.02,2388.02,9042.96,1.3,47.24,520.48,2388.08,8138.54,8.396,0.03,394,2388,100.0,38.84,23.3202
2,26,-0.0003,0.0002,100.0,518.67,641.35,1589.74,1405.86,14.62,21.6,553.09,2388.0,9054.65,1.3,47.41,520.25,2388.07,8148.79,8.395,0.03,392,2388,100.0,38.81,23.2701
2,27,-0.001,0.0004,100.0,518.67,641.25,1586.25,1395.95,14.62,21.6,553.42,2387.92,9060.17,1.3,47.27,521.96,2388.13,8129.23,8.42,0.03,393,2388,100.0,38.95,23.1711
2,28,-0.0036,-0.0002,100.0,518.67,641.29,1587.66,1406.04,14.62,21.6,551.83,2388.07,9045.52,1.3,47.04,520.39,2388.06,8130.0,8.411,0.03,392,2388,100.0,38.78,23.1838
2,29,-0.0014,0.0002,100.0,518.67,641.23,1586.72,1397.84,14.62,21.6,551.89,2388.04,9063.65,1.3,47.11,520.0,2388.04,8146.55,8.412,0.03,392,2388,100.0,38.65,23.2546
2,30,0.0041,0.0001,100.0,518.67,641.15,1587.22,1401.84,14.62,21.6,553.66,2388.04,9052.44,1.3,47.18,520.92,2388.05,8124.93,8.456,0.03,392,2388,100.0,38.74,23.2098
2,31,-0.0035,0.0001,100.0,518.67,640.7,1582.61,1393.64,14.62,21.6,553.05,2388.02,9044.04,1.3,47.16,520.48,2387.99,8135.42,8.4,0.03,393,2388,100.0,38.91,23.2753
2,32,-0.0008,0.0001,100.0,518.67,641.11,1586.36,1400.7,14.62,21.6,553.24,2387.98,9044.33,1.3,47.13,519.42,2387.96,8133.59,8.401,0.03,393,2388,100.0,38.8,23.1458
2,33,0.0013,0.0002,100.0,518.67,640.92,1587.64,1398.64,14.62,21.6,552.32,2387.94,9049.47,1.3,47.3,520.0,2387.96,8126.93,8.437,0.03,392,2388,100.0,38.81,23.209
2,34,0.0023,-0.0004,100.0,518.67,641.3,1589.97,1404.06,14.62,21.6,552.74,2388.09,9041.22,1.3,47.19,519.97,2388.09,8136.33,8.401,0.03,392,2388,100.0,38.74,23.2053
2,35,0.002,-0.0004,100.0,518.67,641.59,1588.95,1406.56,14.62,21.6,552.93,2387.96,9048.49,1.3,47.39,520.79,2387.97,8127.44,8.426,0.03,391,2388,100.0,38.84,23.2028
2,36,-0.0004,-0.0001,100.0,518.67,640.99,1586.48,1401.4,14.62,21.6,552.56,2388.05,9065.99,1.3,47.34,520.62,2387.96,8133.77,8.398,0.03,391,2388,100.0,38.73,23.2969
2,37,0.0019,0.0001,100.0,518.67,640.81,1585.96,1403.53,14.62,21.6,551.86,2387.99,9052.32,1.3,47.4,519.0,2388.02,8133.65,8.458,0.03,393,2388,100.0,38.83,23.1955
2,38,-0.0038,-0.0001,100.0,518.67,641.45,1590.77,1405.23,14.62,21.6,553.17,2388.01,9051.87,1.3,47.55,519.6,2388.11,8128.12,8.473,0.03,391,2388,100.0,38.83,23.197
2,39,-0.0028,0.0001,100.0,518.67,641.46,1584.1,1396.45,14.62,21.6,552.86,2388.07,9060.59,1.3,47.33,520.98,2388.04,8127.88,8.386,0.03,392,2388,100.0,38.75,23.2801
2,40,0.0009,-0.0004,100.0,518.67,641.25,1588.69,1408.62,14.62,21.6,553.34,2388.04,9056.17,1.3,47.5,519.36,2388.01,8122.82,8.446,0.03,394,2388,100.0,38.73,23.1108
2,41,-0.0008,0.0003,100.0,518.67,641.35,1588.0,1401.45,14.62,21.6,553.17,2388.0,9070.62,1.3,47.42,519.71,2388.0,8131.03,8.429,0.03,393,2388,100.0,38.79,23.192
2,42,0.0038,0.0,100.0,518.67,641.41,1584.93,1404.09,14.62,21.6,551.7,2388.14,9063.54,1.3,47.29,519.42,2388.05,8133.24,8.447,0.03,393,2388,100.0,38.81,23.2992
2,43,0.0011,-0.0003,100.0,518.67,641.57,1591.72,1415.31,14.62,21.6,552.95,2387.94,9057.72,1.3,47.28,520.91,2387.99,8111.98,8.423,0.03,391,2388,100.0,38.83,23.1218
2,44,0.0001,-0.0006,100.0,518.67,641.15,1591.77,1404.2,14.62,21.6,552.75,2388.05,9057.15,1.3,47.18,520.22,2387.9,8124.74,8.424,0.03,393,2388,100.0,38.76,23.1531
2,45,-0.002,0.0001,100.0,518.67,641.22,1585.14,1400.9,14.62,21.6,552.44,2388.04,9070.81,1.3,47.17,518.98,2388.07,8124.21,8.43,0.03,392,2388,100.0,38.74,23.3015
2,46,0.0016,0.0003,100.0,518.67,640.89,1583.47,1391.53,14.62,21.6,553.29,2388.07,9051.75,1.3,47.36,519.53,2388.04,8141.59,8.392,0.03,393,2388,100.0,38.83,23.1991
2,47,0.0014,0.0008,100.0,518.67,641.22,1588.15,1400.0,14.62,21.6,552.97,2388.06,9045.45,1.3,47.39,520.58,2388.06,8144.0,8.434,0.03,393,2388,100.0,38.77,23.1706
2,48,0.0006,-0.0003,100.0,518.67,641.09,1587.57,1404.2,14.62,21.6,553.29,2388.08,9048.04,1.3,47.17,519.76,2388.01,8133.87,8.431,0.03,391,2388,100.0,38.72,23.2011
2,49,0.0013,-0.0002,100.0,518.67,641.68,1581.31,1408.32,14.62,21.6,553.15,2388.06,9062.87,1.3,47.32,519.26,2388.11,8131.2,8.449,0.03,394,2388,100.0,38.66,23.2444
2,50,-0.0012,-0.0,100.0,518.67,641.28,1582.59,1400.02,14.62,21.6,553.14,2388.05,9055.78,1.3,47.34,520.46,2388.02,8135.4,8.478,0.03,392,2388,100.0,38.87,23.1364
2,51,0.0033,-0.0001,100.0,518.67,641.21,1581.46,1401.38,14.62,21.6,552.21,2388.05,9061.57,1.3,47.4,519.91,2387.98,8122.1,8.498,0.03,392,2388,100.0,38.87,23.199
2,52,0.0,0.0003,100.0,518.67,641.59,1586.84,1401.71,14.62,21.6,552.75,2388.1,9054.02,1.3,47.46,520.55,2388.06,8136.46,8.4,0.03,391,2388,100.0,38.77,23.2047
2,53,-0.001,0.0001,100.0,518.67,641.26,1590.6,1403.67,14.62,21.6,553.12,2388.04,9058.28,1.3,47.32,519.38,2388.04,8132.92,8.461,0.03,393,2388,100.0,38.59,23.186
2,54,0.0016,-0.0001,100.0,518.67,641.22,1590.22,1400.54,14.62,21.6,552.4,2388.03,9046.41,1.3,47.37,519.93,2388.04,8136.51,8.501,0.03,392,2388,100.0,38.75,23.1805
2,55,-0.0017,-0.0002,100.0,518.67,641.17,1588.38,1412.85,14.62,21.6,552.22,2388.05,9057.38,1.3,47.43,520.3,2387.92,8104.23,8.433,0.03,394,2388,100.0,38.6,23.0538
2,56,0.0011,0.0001,100.0,518.67,641.02,1584.38,1399.63,14.62,21.6,552.06,2388.08,9031.46,1.3,47.28,519.07,2388.03,8126.47,8.473,0.03,391,2388,100.0,38.73,23.2304
2,57,0.0037,-0.0001,100.0,518.67,641.38,1581.97,1394.01,14.62,21.6,552.41,2388.12,9043.38,1.3,47.47,520.54,2388.06,8136.3,8.45,0.03,392,2388,100.0,38.83,23.1702
2,58,0.001,-0.0005,100.0,518.67,641.01,1591.73,1402.25,14.62,21.6,552.34,2387.97,9061.58,1.3,47.33,519.93,2388.04,8114.51,8.455,0.03,395,2388,100.0,38.76,23.1961
2,59,0.0022,0.0001,100.0,518.67,641.36,1584.19,1404.64,14.62,21.6,551.85,2388.13,9053.79,1.3,47.29,520.06,2388.03,8142.2,8.443,0.03,393,2388,100.0,38.75,23.2118
2,60,-0.004,-0.0003,100.0,518.67,641.55,1587.11,1401.67,14.62,21.6,551.68,2387.96,9053.79,1.3,47.33,519.05,2388.04,8137.5,8.515,0.03,392,2388,100.0,38.8,23.2441
2,61,-0.0016,0.0001,100.0,518.67,641.2,1588.11,1409.86,14.62,21.6,552.6,2388.04,9042.8,1.3,47.39,520.12,2387.97,8120.53,8.457,0.03,392,2388,100.0,38.65,23.1725
2,62,-0.0027,-0.0003,100.0,518.67,641.5,1583.67,1397.5,14.62,21.6,552.71,2388.05,9051.04,1.3,47.42,518.61,2388.07,8137.84,8.442,0.03,394,2388,100.0,38.62,23.2484
2,63,0.0003,-0.0001,100.0,518.67,641.32,1587.31,1408.83,14.62,21.6,551.79,2388.12,9050.06,1.3,47.54,520.31,2388.02,8141.47,8.42,0.03,393,2388,100.0,38.72,23.2139
2,64,-0.0013,-0.0005,100.0,518.67,641.46,1581.49,1402.74,14.62,21.6,552.33,2388.16,9063.11,1.3,47.34,519.45,2388.04,8114.36,8.428,0.03,392,2388,100.0,38.54,23.1909
2,65,-0.0005,-0.0005,100.0,518.67,641.44,1589.87,1404.98,14.62,21.6,552.54,2388.1,9057.44,1.3,47.32,519.55,2388.11,8126.24,8.52,0.03,392,2388,100.0,38.7,23.1531
2,66,0.0004,-0.0005,100.0,518.67,641.21,1584.48,1404.68,14.62,21.6,552.55,2387.95,9071.4,1.3,47.47,519.0,2388.05,8135.56,8.437,0.03,393,2388,100.0,38.64,23.1648
2,67,-0.0014,-0.0004,100.0,518.67,641.39,1589.56,1406.26,14.62,21.6,552.33,2388.04,9061.85,1.3,47.26,518.92,2388.0,8146.46,8.487,0.03,393,2388,100.0,38.78,23.1393
2,68,0.0007,-0.0,100.0,518.67,641.57,1587.5,1402.73,14.62,21.6,552.63,2388.04,9054.72,1.3,47.3,518.09,2388.06,8140.86,8.467,0.03,391,2388,100.0,38.66,23.0706
2,69,0.0027,-0.0003,100.0,518.67,641.67,1590.72,1400.73,14.62,21.6,552.29,2388.03,9056.11,1.3,47.38,518.43,2387.94,8136.33,8.443,0.03,393,2388,100.0,38.74,23.2385
2,70,-0.0005,-0.0001,100.0,518.67,641.49,1583.86,1405.28,14.62,21.6,552.46,2387.98,9049.28,1.3,47.33,519.34,2388.07,8151.62,8.446,0.03,393,2388,100.0,38.77,23.1929
2,71,0.0025,0.0001,100.0,518.67,641.08,1583.97,1398.25,14.62,21.6,552.73,2388.17,9062.19,1.3,47.6,518.98,2387.99,8143.91,8.474,0.03,393,2388,100.0,38.71,23.1925
2,72,0.0026,0.0004,100.0,518.67,641.51,1590.55,1406.57,14.62,21.6,552.45,2388.01,9063.95,1.3,47.3,519.39,2388.01,8140.4,8.462,0.03,392,2388,100.0,38.71,23.1457
2,73,0.0018,0.0,100.0,518.67,641.48,1585.18,1402.22,14.62,21.6,552.48,2388.16,9049.15,1.3,47.59,518.13,2387.99,8122.31,8.423,0.03,392,2388,100.0,38.7,23.1621
2,74,0.0008,0.0002,100.0,518.67,641.45,1590.07,1404.36,14.62,21.6,552.57,2388.05,9048.19,1.3,47.43,518.74,2388.03,8138.0,8.475,0.03,392,2388,100.0,38.63,23.2248
2,75,0.001,0.0006,100.0,518.67,641.69,1591.57,1399.15,14.62,21.6,551.88,2388.05,9057.09,1.3,47.58,519.42,2388.01,8142.83,8.446,0.03,393,2388,100.0,38.64,23.1584
2,76,0.0015,-0.0003,100.0,518.67,641.88,1582.71,1402.38,14.62,21.6,552.23,2388.07,9055.37,1.3,47.52,519.03,2388.12,8144.04,8.492,0.03,392,2388,100.0,38.66,23.1526
2,77,-0.002,0.0001,100.0,518.67,641.27,1590.19,1400.55,14.62,21.6,551.32,2388.09,9062.24,1.3,47.39,519.55,2387.99,8151.45,8.467,0.03,393,2388,100.0,38.63,23.2063
2,78,-0.0012,-0.0002,100.0,518.67,641.35,1584.73,1412.17,14.62,21.6,552.32,2388.09,9048.1,1.3,47.47,519.49,2388.04,8148.39,8.499,0.03,394,2388,100.0,38.62,23.1101
2,79,-0.0012,0.0001,100.0,518.67,641.55,1581.79,1404.92,14.62,21.6,551.63,2388.15,9059.43,1.3,47.65,518.97,2388.1,8153.75,8.508,0.03,392,2388,100.0,38.63,23.1451
2,80,0.001,0.0002,100.0,518.67,641.21,1588.55,1396.94,14.62,21.6,551.46,2388.09,9053.66,1.3,47.63,517.63,2388.05,8132.91,8.456,0.03,394,2388,100.0,38.58,23.1992
2,81,0.0007,0.0004,100.0,518.67,641.26,1586.19,1409.46,14.62,21.6,550.82,2388.06,9059.3,1.3,47.59,518.68,2387.91,8140.51,8.434,0.03,392,2388,100.0,38.42,23.1996
2,82,0.0003,-0.0001,100.0,518.67,641.78,1590.34,1411.61,14.62,21.6,551.69,2388.0,9054.45,1.3,47.45,519.31,2388.06,8141.77,8.493,0.03,395,2388,100.0,38.62,23.1101
2,83,0.0005,-0.0002,100.0,518.67,641.8,1587.62,1402.94,14.62,21.6,552.12,2388.08,9051.23,1.3,47.71,518.55,2388.06,8142.17,8.423,0.03,394,2388,100.0,38.56,23.1965
2,84,-0.0019,0.0002,100.0,518.67,641.72,1591.1,1406.27,14.62,21.6,551.31,2388.16,9050.84,1.3,47.36,519.28,2388.02,8122.99,8.43,0.03,393,2388,100.0,38.63,23.1658
2,85,0.0019,0.0002,100.0,518.67,641.4,1587.96,1407.37,14.62,21.6,551.71,2388.07,9048.57,1.3,47.31,519.26,2388.09,8141.37,8.47,0.03,394,2388,100.0,38.59,23.1997
2,86,-0.0001,-0.0002,100.0,518.67,641.6,1589.82,1406.82,14.62,21.6,551.58,2388.21,9066.07,1.3,47.59,518.96,2388.11,8140.71,8.476,0.03,393,2388,100.0,38.62,22.9917
2,87,0.0004,-0.0001,100.0,518.67,641.85,1588.7,1400.7,14.62,21.6,550.95,2388.11,9059.0,1.3,47.63,518.48,2388.06,8118.17,8.497,0.03,394,2388,100.0,38.67,23.1485
2,88,0.0008,0.0005,100.0,518.67,641.39,1589.1,1401.17,14.62,21.6,551.61,2388.15,9054.7,1.3,47.48,518.65,2388.03,8138.14,8.432,0.03,394,2388,100.0,38.57,23.1828
2,89,-0.0025,0.0002,100.0,518.67,641.63,1589.87,1401.6,14.62,21.6,550.81,2388.08,9065.06,1.3,47.61,518.84,2388.01,8142.4,8.478,0.03,391,2388,100.0,38.68,23.1437
2,90,0.0024,-0.0003,100.0,518.67,640.68,1589.6,1406.81,14.62,21.6,550.9,2388.23,9054.45,1.3,47.61,518.48,2387.96,8132.66,8.47,0.03,393,2388,100.0,38.61,23.1564
2,91,-0.0003,-0.0004,100.0,518.67,641.6,1582.96,1397.51,14.62,21.6,551.77,2388.09,9045.81,1.3,47.43,518.65,2387.98,8125.89,8.499,0.03,394,2388,100.0,38.58,23.1793
2,92,-0.0038,0.0002,100.0,518.67,641.28,1589.77,1404.78,14.62,21.6,550.91,2388.13,9054.82,1.3,47.5,518.66,2388.02,8134.64,8.478,0.03,393,2388,100.0,38.62,23.1796
2,93,0.0018,-0.0003,100.0,518.67,641.7,1585.33,1408.18,14.62,21.6,550.26,2388.1,9053.38,1.3,47.43,519.41,2388.03,8125.18,8.483,0.03,394,2388,100.0,38.6,23.1963
2,94,0.0011,-0.0007,100.0,518.67,641.36,1587.24,1407.81,14.62,21.6,552.91,2388.12,9058.4,1.3,47.68,519.88,2388.11,8146.3,8.486,0.03,393,2388,100.0,38.57,23.0949
2,95,-0.0014,-0.0004,100.0,518.67,641.48,1583.92,1406.72,14.62,21.6,551.44,2388.07,9081.9,1.3,47.71,518.06,2388.08,8127.67,8.452,0.03,392,2388,100.0,38.64,23.1004
2,96,0.0019,0.0003,100.0,518.67,641.85,1586.46,1407.92,14.62,21.6,551.04,2388.06,9070.24,1.3,47.56,518.98,2388.03,8120.39,8.467,0.03,393,2388,100.0,38.51,23.1323
2,97,-0.0034,-0.0003,100.0,518.67,641.67,1590.87,1404.52,14.62,21.6,550.68,2388.08,9062.59,1.3,47.66,518.39,2388.01,8138.28,8.46,0.03,393,2388,100.0,38.7,23.1724
2,98,0.0003,-0.0004,100.0,518.67,641.57,1592.29,1404.64,14.62,21.6,552.04,2388.19,9059.95,1.3,47.62,519.32,2388.09,8129.11,8.472,0.03,394,2388,100.0,38.49,23.1221
2,99,0.0022,-0.0007,100.0,518.67,641.9,1592.51,1404.37,14.62,21.6,551.24,2388.16,9065.45,1.3,47.36,518.88,2388.06,8136.17,8.464,0.03,395,2388,100.0,38.67,23.0905
2,100,-0.0027,-0.0001,100.0,518.67,641.63,1589.9,1411.28,14.62,21.6,551.79,2388.12,9046.55,1.3,47.52,519.09,2388.07,8141.26,8.478,0.03,393,2388,100.0,38.58,23.1412
2,101,-0.0013,-0.0001,100.0,518.67,641.29,1592.58,1405.16,14.62,21.6,552.1,2388.1,9049.67,1.3,47.28,517.8,2388.0,8151.82,8.491,0.03,394,2388,100.0,38.41,23.0641
2,102,0.0018,0.0001,100.0,518.67,641.5,1590.96,1412.94,14.62,21.6,551.2,2388.12,9076.96,1.3,47.28,518.85,2388.07,8142.13,8.469,0.03,393,2388,100.0,38.64,23.2779
2,103,0.0016,-0.0003,100.0,518.67,641.43,1587.95,1399.28,14.62,21.6,551.57,2388.04,9066.28,1.3,47.62,518.12,2388.06,8154.56,8.512,0.03,393,2388,100.0,38.56,23.1244
2,104,-0.001,-0.0006,100.0,518.67,642.05,1589.81,1408.12,14.62,21.6,550.66,2388.1,9045.18,1.3,47.86,517.85,2388.02,8130.15,8.529,0.03,393,2388,100.0,38.47,23.1815
2,105,0.0015,0.0002,100.0,518.67,641.73,1596.57,1415.33,14.62,21.6,552.05,2388.13,9062.04,1.3,47.35,518.35,2388.03,8145.42,8.524,0.03,392,2388,100.0,38.57,23.1732
2,106,-0.0004,0.0002,100.0,518.67,641.64,1590.46,1405.56,14.62,21.6,550.37,2388.15,9058.28,1.3,47.55,518.2,2388.06,8148.1,8.482,0.03,392,2388,100.0,38.63,23.1051
2,107,0.0001,0.0005,100.0,518.67,641.55,1590.34,1402.0,14.62,21.6,551.38,2388.03,9059.81,1.3,47.59,518.41,2388.13,8139.61,8.538,0.03,393,2388,100.0,38.58,23.1178
2,108,-0.0021,0.0003,100.0,518.67,642.15,1589.46,1408.79,14.62,21.6,550.56,2388.02,9052.63,1.3,47.4,519.22,2388.07,8131.49,8.521,0.03,393,2388,100.0,38.5,23.1153
2,109,0.0021,0.0002,100.0,518.67,641.63,1589.79,1408.44,14.62,21.6,550.34,2388.12,9049.77,1.3,47.59,518.1,2388.2,8135.22,8.453,0.03,393,2388,100.0,38.6,23.1938
2,110,-0.0012,-0.0005,100.0,518.67,641.78,1585.46,1405.15,14.62,21.6,550.89,2388.15,9052.96,1.3,47.55,518.31,2388.08,8136.92,8.509,0.03,394,2388,100.0,38.59,23.131
2,111,-0.0032,0.0,100.0,518.67,641.7,1591.83,1404.19,14.62,21.6,550.56,2388.14,9066.78,1.3,47.53,518.75,2388.08,8134.31,8.49,0.03,394,2388,100.0,38.58,23.2204
2,112,-0.0017,0.0002,100.0,518.67,641.45,1587.08,1406.98,14.62,21.6,552.63,2388.11,9049.54,1.3,47.63,517.23,2388.07,8136.05,8.521,0.03,394,2388,100.0,38.51,23.0973
2,113,-0.0015,-0.0003,100.0,518.67,641.67,1585.9,1405.43,14.62,21.6,551.18,2388.21,9048.25,1.3,47.35,518.18,2388.08,8138.53,8.485,0.03,393,2388,100.0,38.58,23.1552
2,114,-0.0039,-0.0001,100.0,518.67,641.65,1587.01,1414.07,14.62,21.6,550.8,2388.15,9054.01,1.3,47.36,518.01,2388.13,8131.92,8.474,0.03,394,2388,100.0,38.52,23.0759
2,115,0.0003,0.0002,100.0,518.67,642.2,1592.29,1411.85,14.62,21.6,550.18,2388.12,9059.67,1.3,47.46,518.11,2388.1,8140.34,8.515,0.03,394,2388,100.0,38.5,23.074
2,116,-0.0024,0.0005,100.0,518.67,641.61,1589.18,1403.56,14.62,21.6,550.12,2388.1,9062.22,1.3,47.68,518.65,2388.17,8142.14,8.469,0.03,393,2388,100.0,38.56,23.2013
2,117,-0.0028,0.0004,100.0,518.67,641.66,1592.41,1406.93,14.62,21.6,551.19,2388.16,9066.75,1.3,47.61,517.85,2388.0,8145.95,8.515,0.03,393,2388,100.0,38.49,23.0728
2,118,-0.003,-0.0002,100.0,518.67,641.33,1588.7,1404.45,14.62,21.6,551.92,2388.19,9052.81,1.3,47.65,518.33,2388.14,8126.34,8.536,0.03,393,2388,100.0,38.42,23.1306
2,119,0.0026,0.0008,100.0,518.67,641.32,1592.07,1405.82,14.62,21.6,549.8,2388.06,9052.91,1.3,47.62,517.78,2388.12,8148.54,8.522,0.03,395,2388,100.0,38.56,23.0318
2,120,0.0027,-0.0002,100.0,518.67,641.85,1594.74,1409.35,14.62,21.6,550.1,2388.19,9057.85,1.3,47.63,518.45,2388.12,8139.62,8.498,0.03,393,2388,100.0,38.59,23.1186
2,121,-0.0005,0.0003,100.0,518.67,641.6,1587.5,1404.55,14.62,21.6,550.46,2388.19,9052.83,1.3,47.65,517.72,2388.07,8118.2,8.499,0.03,394,2388,100.0,38.56,23.1004
2,122,-0.0024,0.0003,100.0,518.67,641.69,1590.7,1407.61,14.62,21.6,550.73,2388.15,9045.38,1.3,47.56,517.9,2388.1,8150.7,8.483,0.03,393,2388,100.0,38.48,23.0474
2,123,-0.0007,0.0002,100.0,518.67,641.38,1591.43,1400.91,14.62,21.6,550.37,2388.21,9057.23,1.3,47.34,517.0,2388.09,8143.79,8.518,0.03,394,2388,100.0,38.61,23.0587
2,124,0.0018,-0.0005,100.0,518.67,641.42,1584.76,1406.68,14.62,21.6,550.61,2388.13,9052.08,1.3,47.61,517.23,2388.15,8132.84,8.493,0.03,395,2388,100.0,38.41,23.0277
2,125,-0.0022,-0.0,100.0,518.67,641.76,1592.45,1418.13,14.62,21.6,550.88,2388.1,9054.89,1.3,47.55,517.5,2388.17,8146.64,8.51,0.03,395,2388,100.0,38.39,23.0157
2,126,-0.0044,-0.0002,100.0,518.67,641.7,1590.58,1408.5,14.62,21.6,550.97,2388.14,9065.52,1.3,47.39,518.08,2388.03,8131.82,8.526,0.03,394,2388,100.0,38.44,23.0808
2,127,-0.0031,0.0003,100.0,518.67,641.61,1593.67,1405.86,14.62,21.6,550.0,2388.18,9054.06,1.3,47.73,517.71,2387.99,8129.79,8.475,0.03,394,2388,100.0,38.41,23.125
2,128,-0.0002,-0.0001,100.0,518.67,641.83,1593.24,1407.95,14.62,21.6,549.37,2388.1,9054.87,1.3,47.66,517.71,2388.12,8129.33,8.51,0.03,395,2388,100.0,38.53,23.074
2,129,-0.0012,-0.0002,100.0,518.67,641.46,1588.77,1411.11,14.62,21.6,549.59,2388.22,9062.45,1.3,47.47,517.63,2388.1,8157.2,8.479,0.03,395,2388,100.0,38.61,23.0438
2,130,-0.0006,-0.0003,100.0,518.67,641.63,1590.33,1410.79,14.62,21.6,549.93,2388.04,9059.8,1.3,47.69,517.95,2388.07,8138.29,8.559,0.03,394,2388,100.0,38.46,23.0485
2,131,-0.0003,0.0005,100.0,518.67,641.64,1590.42,1406.29,14.62,21.6,551.52,2388.16,9060.7,1.3,47.66,516.61,2388.13,8138.46,8.527,0.03,393,2388,100.0,38.46,23.0512
2,132,0.002,-0.0001,100.0,518.67,642.21,1591.81,1403.18,14.62,21.6,549.93,2388.03,9072.91,1.3,47.75,518.05,2388.1,8120.31,8.5,0.03,395,2388,100.0,38.4,22.9434
2,133,-0.0005,-0.0,100.0,518.67,641.73,1592.75,1410.89,14.62,21.6,551.01,2388.06,9064.23,1.3,47.74,517.14,2388.02,8128.0,8.496,0.03,394,2388,100.0,38.43,23.0255
2,134,-0.0012,0.0003,100.0,518.67,641.7,1590.07,1407.96,14.62,21.6,549.82,2388.21,9061.96,1.3,47.65,518.98,2388.04,8132.76,8.48,0.03,395,2388,100.0,38.61,23.15
2,135,0.0024,-0.0001,100.0,518.67,641.61,1585.63,1416.61,14.62,21.6,549.94,2388.21,9052.57,1.3,47.72,517.62,2388.13,8136.29,8.474,0.03,394,2388,100.0,38.56,23.0633
2,136,0.0016,-0.0003,100.0,518.67,641.7,1588.81,1411.52,14.62,21.6,550.62,2388.2,9065.96,1.3,47.71,517.18,2388.09,8130.71,8.508,0.03,394,2388,100.0,38.4,22.9652
2,137,-0.0013,0.0001,100.0,518.67,641.38,1590.78,1416.19,14.62,21.6,551.17,2388.16,9069.84,1.3,47.58,517.34,2387.96,8151.39,8.566,0.03,393,2388,100.0,38.45,23.0236
2,138,0.0008,0.0003,100.0,518.67,641.29,1592.0,1407.55,14.62,21.6,550.43,2388.13,9059.75,1.3,47.65,518.12,2388.12,8139.86,8.482,0.03,394,2388,100.0,38.54,23.0615
2,139,0.0013,0.0005,100.0,518.67,641.99,1591.09,1406.67,14.62,21.6,550.02,2388.13,9063.78,1.3,47.66,517.45,2388.01,8125.99,8.535,0.03,395,2388,100.0,38.46,23.0742
2,140,0.0019,-0.0002,100.0,518.67,641.82,1588.63,1412.24,14.62,21.6,550.28,2388.11,9066.39,1.3,47.96,517.08,2388.08,8140.1,8.546,0.03,394,2388,100.0,38.23,23.1241
2,141,0.0015,-0.0005,100.0,518.67,641.59,1595.6,1414.63,14.62,21.6,549.96,2388.15,9059.76,1.3,47.84,517.12,2388.06,8149.49,8.521,0.03,395,2388,100.0,38.4,23.0516
2,142,-0.0018,0.0,100.0,518.67,641.37,1589.47,1403.16,14.62,21.6,550.47,2388.06,9071.56,1.3,48.02,517.56,2388.07,8171.31,8.484,0.03,394,2388,100.0,38.47,23.1199
2,143,0.0007,-0.0001,100.0,518.67,641.51,1589.95,1404.94,14.62,21.6,549.68,2388.07,9071.0,1.3,47.63,516.88,2388.09,8138.29,8.472,0.03,394,2388,100.0,38.37,23.1364
2,144,0.001,-0.0001,100.0,518.67,641.57,1590.71,1411.48,14.62,21.6,549.86,2388.15,9056.21,1.3,47.66,516.44,2388.15,8141.11,8.502,0.03,396,2388,100.0,38.46,22.9973
2,145,0.0017,0.0001,100.0,518.67,641.86,1589.79,1410.9,14.62,21.6,550.29,2388.06,9057.64,1.3,47.93,517.08,2388.07,8132.2,8.49,0.03,392,2388,100.0,38.43,23.0542
2,146,-0.0001,-0.0,100.0,518.67,641.77,1594.17,1408.4,14.62,21.6,549.76,2388.18,9072.49,1.3,47.63,517.49,2388.12,8125.72,8.528,0.03,393,2388,100.0,38.3,23.064
2,147,-0.0008,0.0001,100.0,518.67,641.76,1588.22,1409.04,14.62,21.6,550.74,2388.09,9059.7,1.3,47.58,517.7,2388.09,8131.46,8.554,0.03,394,2388,100.0,38.48,22.9948
2,148,-0.0028,0.0,100.0,518.67,641.69,1593.07,1408.96,14.62,21.6,548.9,2388.25,9060.03,1.3,47.81,516.97,2388.12,8122.1,8.542,0.03,394,2388,100.0,38.44,23.0771
2,149,-0.0025,-0.0002,100.0,518.67,641.89,1597.52,1408.79,14.62,21.6,549.78,2388.25,9047.44,1.3,47.73,516.55,2387.98,8141.36,8.534,0.03,394,2388,100.0,38.42,23.1953
2,150,-0.0005,0.0002,100.0,518.67,641.62,1592.16,1408.45,14.62,21.6,550.91,2388.22,9062.59,1.3,47.42,517.16,2388.24,8135.07,8.564,0.03,395,2388,100.0,38.45,22.9966
2,151,-0.0049,0.0002,100.0,518.67,641.59,1591.84,1404.47,14.62,21.6,549.81,2388.17,9052.66,1.3,47.88,517.02,2388.02,8136.58,8.533,0.03,394,2388,100.0,38.54,23.0251
2,152,-0.0002,-0.0003,100.0,518.67,642.0,1591.91,1407.85,14.62,21.6,550.63,2388.1,9056.92,1.3,47.78,516.69,2388.03,8112.46,8.554,0.03,394,2388,100.0,38.66,22.9855
2,153,-0.0018,-0.0002,100.0,518.67,641.86,1589.99,1412.05,14.62,21.6,548.91,2388.07,9043.94,1.3,47.67,517.12,2388.08,8152.92,8.57,0.03,394,2388,100.0,38.28,23.0051
2,154,-0.0012,-0.0002,100.0,518.67,641.63,1589.48,1408.11,14.62,21.6,549.83,2388.18,9054.52,1.3,47.9,516.75,2388.03,8142.62,8.51,0.03,394,2388,100.0,38.22,23.1013
2,155,0.0013,-0.0005,100.0,518.67,641.44,1596.5,1406.77,14.62,21.6,548.32,2388.14,9060.06,1.3,47.83,516.52,2388.03,8143.51,8.565,0.03,393,2388,100.0,38.5,23.0318
2,156,0.0022,-0.0,100.0,518.67,641.18,1591.07,1414.02,14.62,21.6,549.42,2388.15,9038.76,1.3,47.96,516.74,2388.13,8137.11,8.574,0.03,394,2388,100.0,38.39,22.9835
2,157,0.0016,-0.0006,100.0,518.67,641.98,1588.27,1414.86,14.62,21.6,550.01,2388.17,9048.02,1.3,47.64,517.51,2388.12,8152.38,8.549,0.03,393,2388,100.0,38.34,23.0316
2,158,-0.0046,0.0005,100.0,518.67,641.94,1595.29,1403.59,14.62,21.6,550.93,2388.1,9068.28,1.3,47.75,516.37,2388.13,8148.26,8.52,0.03,395,2388,100.0,38.27,22.95
2,159,0.0003,0.0,100.0,518.67,641.65,1594.08,1412.1,14.62,21.6,549.49,2388.2,9058.62,1.3,48.02,516.72,2388.22,8138.73,8.497,0.03,395,2388,100.0,38.41,23.0656
2,160,0.0024,0.0001,100.0,518.67,641.69,1594.62,1410.04,14.62,21.6,548.25,2388.19,9057.16,1.3,47.97,517.41,2388.12,8144.2,8.509,0.03,396,2388,100.0,38.56,23.0409
2,161,0.0032,-0.0002,100.0,518.67,641.64,1591.85,1411.84,14.62,21.6,549.83,2388.18,9054.36,1.3,47.83,517.5,2388.12,8152.25,8.504,0.03,395,2388,100.0,38.3,22.9638
2,162,-0.0013,-0.0003,100.0,518.67,641.71,1591.13,1413.51,14.62,21.6,548.53,2388.23,9055.72,1.3,47.76,517.27,2388.12,8151.6,8.555,0.03,394,2388,100.0,38.57,23.0275
2,163,-0.0003,0.0003,100.0,518.67,641.91,1593.01,1420.19,14.62,21.6,549.27,2388.18,9071.07,1.3,47.57,516.04,2388.08,8118.91,8.529,0.03,395,2388,100.0,38.32,22.9447
2,164,0.0001,0.0003,100.0,518.67,641.43,1594.32,1413.55,14.62,21.6,550.16,2388.28,9059.72,1.3,47.79,516.79,2388.11,8156.97,8.503,0.03,394,2388,100.0,38.5,23.0653
2,165,-0.0007,0.0003,100.0,518.67,641.95,1596.4,1410.65,14.62,21.6,550.99,2388.2,9063.04,1.3,47.87,516.79,2388.23,8140.78,8.536,0.03,394,2388,100.0,38.47,23.0559
2,166,-0.001,0.0002,100.0,518.67,641.49,1592.5,1412.22,14.62,21.6,548.91,2388.11,9055.56,1.3,47.6,517.62,2388.19,8142.52,8.581,0.03,394,2388,100.0,38.37,22.9941
2,167,-0.0006,-0.0005,100.0,518.67,641.94,1591.86,1413.46,14.62,21.6,549.25,2388.13,9063.38,1.3,47.88,516.36,2388.12,8141.52,8.524,0.03,394,2388,100.0,38.39,22.9524
2,168,0.0007,-0.0003,100.0,518.67,642.14,1599.04,1407.09,14.62,21.6,548.88,2388.23,9052.76,1.3,47.85,516.47,2388.11,8126.41,8.571,0.03,394,2388,100.0,38.42,22.9901
2,169,-0.0002,0.0,100.0,518.67,641.69,1592.7,1416.72,14.62,21.6,549.99,2388.25,9056.43,1.3,47.6,517.03,2388.09,8161.26,8.548,0.03,394,2388,100.0,38.28,23.0601
2,170,-0.0011,0.0,100.0,518.67,642.13,1590.66,1410.48,14.62,21.6,549.67,2388.21,9061.27,1.3,47.8,516.67,2388.04,8141.98,8.605,0.03,394,2388,100.0,38.31,22.9603
2,171,0.0014,0.0001,100.0,518.67,641.85,1589.4,1411.09,14.62,21.6,549.32,2388.22,9053.1,1.3,47.6,517.62,2388.09,8152.57,8.544,0.03,394,2388,100.0,38.4,22.9579
2,172,0.0003,-0.0001,100.0,518.67,641.57,1593.2,1409.73,14.62,21.6,548.48,2388.26,9070.2,1.3,47.92,516.65,2388.03,8162.42,8.548,0.03,394,2388,100.0,38.39,23.0587
2,173,-0.0,0.0004,100.0,518.67,642.17,1589.0,1408.16,14.62,21.6,547.55,2388.17,9051.81,1.3,47.74,516.63,2388.1,8132.41,8.518,0.03,396,2388,100.0,38.51,22.9405
2,174,0.0032,-0.0001,100.0,518.67,641.94,1592.09,1408.27,14.62,21.6,549.23,2388.16,9052.9,1.3,47.69,515.94,2388.12,8124.73,8.544,0.03,396,2388,100.0,38.45,22.9953
2,175,-0.0002,0.0006,100.0,518.67,642.04,1591.33,1405.27,14.62,21.6,549.62,2388.15,9065.74,1.3,47.76,516.64,2388.0,8136.48,8.582,0.03,394,2388,100.0,38.36,22.9573
2,176,0.0007,-0.0001,100.0,518.67,641.69,1596.36,1414.75,14.62,21.6,549.39,2388.21,9068.63,1.3,47.59,517.21,2388.09,8134.9,8.632,0.03,395,2388,100.0,38.32,22.8831
2,177,0.0028,-0.0004,100.0,518.67,641.67,1591.41,1416.77,14.62,21.6,548.97,2388.2,9058.76,1.3,47.83,516.72,2388.17,8150.86,8.569,0.03,394,2388,100.0,38.4,22.987
2,178,-0.0022,-0.0001,100.0,518.67,641.95,1595.17,1410.43,14.62,21.6,549.07,2388.19,9065.13,1.3,47.94,517.17,2388.09,8131.91,8.524,0.03,395,2388,100.0,38.46,22.9741
2,179,-0.0005,0.0004,100.0,518.67,642.06,1593.79,1406.46,14.62,21.6,548.45,2388.13,9060.95,1.3,47.75,516.52,2388.05,8150.86,8.59,0.03,393,2388,100.0,38.42,22.9476
2,180,0.0017,-0.0,100.0,518.67,641.95,1591.97,1416.14,14.62,21.6,549.35,2388.24,9069.53,1.3,48.13,516.35,2388.17,8138.13,8.594,0.03,395,2388,100.0,38.3,23.0517
2,181,-0.001,-0.0004,100.0,518.67,641.82,1594.43,1416.92,14.62,21.6,549.75,2388.12,9060.33,1.3,47.79,516.53,2388.13,8147.75,8.544,0.03,395,2388,100.0,38.33,22.9384
2,182,-0.0002,-0.0,100.0,518.67,641.91,1592.71,1411.72,14.62,21.6,549.69,2388.13,9058.18,1.3,48.2,516.04,2388.06,8148.33,8.496,0.03,394,2388,100.0,38.5,22.9057
2,183,-0.004,-0.0004,100.0,518.67,642.18,1596.03,1409.43,14.62,21.6,549.73,2388.28,9062.06,1.3,47.54,516.13,2388.11,8136.46,8.554,0.03,395,2388,100.0,38.43,22.9726
2,184,0.0022,0.0001,100.0,518.67,641.98,1595.41,1411.83,14.62,21.6,548.01,2388.17,9063.09,1.3,47.9,517.15,2388.13,8122.55,8.586,0.03,395,2388,100.0,38.17,22.9793
2,185,-0.0032,-0.0002,100.0,518.67,641.74,1595.16,1412.07,14.62,21.6,549.37,2388.12,9066.82,1.3,47.74,516.3,2388.15,8145.93,8.601,0.03,395,2388,100.0,38.34,22.9558
2,186,0.0004,0.0001,100.0,518.67,641.95,1587.37,1412.99,14.62,21.6,548.41,2388.13,9076.06,1.3,47.91,516.35,2388.07,8129.86,8.601,0.03,395,2388,100.0,38.27,23.0014
2,187,-0.0016,0.0005,100.0,518.67,642.32,1591.42,1409.21,14.62,21.6,547.9,2388.13,9065.42,1.3,47.81,515.77,2388.12,8145.84,8.579,0.03,393,2388,100.0,38.3,22.905
2,188,0.0018,0.0002,100.0,518.67,641.76,1590.56,1409.95,14.62,21.6,548.96,2388.18,9072.17,1.3,47.71,516.11,2388.06,8127.77,8.528,0.03,395,2388,100.0,38.25,22.9787
2,189,-0.0008,-0.0004,100.0,518.67,641.95,1594.7,1407.02,14.62,21.6,548.22,2388.17,9068.73,1.3,47.77,516.41,2388.12,8141.43,8.493,0.03,393,2388,100.0,38.36,23.0226
2,190,-0.0018,-0.0001,100.0,518.67,642.07,1595.02,1403.81,14.62,21.6,548.5,2388.23,9084.55,1.3,47.83,515.66,2388.15,8155.78,8.569,0.03,394,2388,100.0,38.38,23.0022
2,191,-0.0021,0.0001,100.0,518.67,642.25,1596.53,1411.71,14.62,21.6,549.41,2388.14,9068.15,1.3,47.69,516.87,2388.12,8155.21,8.581,0.03,394,2388,100.0,38.42,23.0448
2,192,0.0018,-0.0002,100.0,518.67,641.93,1593.46,1409.23,14.62,21.6,548.73,2388.07,9067.43,1.3,47.82,516.28,2388.12,8149.72,8.601,0.03,395,2388,100.0,38.27,22.9634
2,193,0.0,-0.0002,100.0,518.67,642.15,1594.45,1418.27,14.62,21.6,548.21,2388.24,9057.19,1.3,47.96,516.03,2388.08,8143.45,8.488,0.03,393,2388,100.0,38.28,22.9679
2,194,-0.0007,-0.0005,100.0,518.67,641.81,1594.29,1414.49,14.62,21.6,549.29,2388.22,9058.89,1.3,47.84,515.57,2388.13,8153.48,8.59,0.03,396,2388,100.0,38.27,23.0293
2,195,-0.0004,0.0004,100.0,518.67,642.01,1595.28,1418.13,14.62,21.6,548.7,2388.27,9063.88,1.3,47.71,517.32,2388.11,8142.1,8.605,0.03,394,2388,100.0,38.21,22.973
2,196,-0.0036,-0.0001,100.0,518.67,642.09,1592.39,1406.12,14.62,21.6,548.6,2388.28,9062.94,1.3,47.77,516.35,2388.13,8126.11,8.615,0.03,394,2388,100.0,38.14,23.0249
2,197,-0.001,-0.0002,100.0,518.67,641.59,1598.46,1407.2,14.62,21.6,549.06,2388.23,9064.62,1.3,47.67,515.79,2388.15,8130.85,8.578,0.03,395,2388,100.0,38.36,22.8955
2,198,0.0044,0.0002,100.0,518.67,642.03,1596.55,1421.88,14.62,21.6,548.35,2388.09,9066.72,1.3,47.94,516.15,2388.11,8115.75,8.584,0.03,396,2388,100.0,38.23,22.9771
2,199,-0.0031,0.0001,100.0,518.67,641.94,1591.03,1409.44,14.62,21.6,548.68,2388.14,9062.08,1.3,47.89,515.6,2388.23,8130.16,8.553,0.03,394,2388,100.0,38.42,22.981
2,200,-0.0019,0.0003,100.0,518.67,642.1,1594.13,1411.17,14.62,21.6,548.63,2388.18,9079.87,1.3,47.73,516.89,2388.13,8144.04,8.599,0.03,394,2388,100.0,38.34,22.8162
2,201,-0.0014,-0.0003,100.0,518.67,641.74,1592.76,1414.15,14.62,21.6,548.54,2388.18,9068.36,1.3,47.92,516.57,2388.18,8140.87,8.548,0.03,394,2388,100.0,38.23,22.9341
2,202,0.0005,0.0002,100.0,518.67,642.04,1593.49,1413.24,14.62,21.6,547.81,2388.12,9059.92,1.3,47.97,515.72,2388.13,8146.15,8.592,0.03,394,2388,100.0,38.35,23.0045
2,203,-0.0023,-0.0002,100.0,518.67,642.36,1593.05,1403.85,14.62,21.6,548.19,2388.15,9062.25,1.3,47.91,516.78,2388.13,8153.48,8.62,0.03,396,2388,100.0,38.29,22.8482
2,204,0.0009,0.0003,100.0,518.67,642.05,1598.76,1416.23,14.62,21.6,548.97,2388.23,9045.7,1.3,47.85,516.62,2388.1,8137.98,8.546,0.03,396,2388,100.0,38.39,22.9004
2,205,0.0003,-0.0002,100.0,518.67,642.23,1595.1,1416.1,14.62,21.6,550.05,2388.16,9052.03,1.3,47.86,515.22,2388.07,8128.7,8.551,0.03,394,2388,100.0,38.3,22.9175
2,206,-0.0004,0.0003,100.0,518.67,641.89,1592.82,1414.38,14.62,21.6,546.83,2388.23,9069.73,1.3,48.19,516.05,2388.18,8138.42,8.588,0.03,396,2388,100.0,38.08,22.9618
2,207,0.0043,0.0001,100.0,518.67,642.49,1591.77,1412.85,14.62,21.6,546.9,2388.16,9057.09,1.3,48.03,516.39,2388.16,8150.71,8.575,0.03,396,2388,100.0,38.25,22.9423
2,208,-0.0005,0.0002,100.0,518.67,641.98,1596.63,1408.52,14.62,21.6,548.61,2388.21,9062.31,1.3,48.04,515.62,2388.13,8157.66,8.627,0.03,396,2388,100.0,38.23,22.9992
2,209,-0.0019,-0.0003,100.0,518.67,641.5,1598.76,1409.65,14.62,21.6,547.63,2388.25,9063.02,1.3,47.76,516.12,2388.07,8130.87,8.519,0.03,394,2388,100.0,38.26,22.8377
2,210,-0.003,-0.0,100.0,518.67,641.96,1599.76,1420.51,14.62,21.6,548.48,2388.26,9061.32,1.3,47.74,515.87,2388.14,8135.75,8.596,0.03,394,2388,100.0,38.15,22.9396
2,211,0.0008,-0.0004,100.0,518.67,642.33,1588.51,1410.92,14.62,21.6,547.74,2388.19,9081.14,1.3,47.82,517.07,2388.17,8142.13,8.598,0.03,397,2388,100.0,38.16,22.8764
2,212,-0.0015,0.0,100.0,518.67,641.68,1593.93,1420.07,14.62,21.6,547.91,2388.19,9073.44,1.3,47.83,516.75,2388.24,8144.16,8.584,0.03,396,2388,100.0,38.32,22.8904
2,213,-0.0011,-0.0004,100.0,518.67,642.22,1595.91,1407.96,14.62,21.6,547.25,2388.18,9070.74,1.3,47.85,515.65,2388.07,8143.38,8.584,0.03,394,2388,100.0,38.22,22.9379
2,214,-0.0016,-0.0004,100.0,518.67,642.57,1592.05,1413.03,14.62,21.6,550.15,2388.16,9070.0,1.3,47.85,515.51,2388.11,8127.68,8.585,0.03,394,2388,100.0,38.3,22.9299
2,215,0.0008,-0.0001,100.0,518.67,642.03,1594.85,1408.83,14.62,21.6,547.49,2388.18,9049.6,1.3,48.12,515.41,2388.21,8154.06,8.549,0.03,394,2388,100.0,38.43,23.013
2,216,-0.0001,0.0001,100.0,518.67,641.97,1595.33,1410.68,14.62,21.6,547.19,2388.23,9057.51,1.3,47.94,515.19,2388.11,8151.53,8.596,0.03,395,2388,100.0,38.29,22.9477
2,217,0.0029,-0.0001,100.0,518.67,642.03,1590.17,1411.89,14.62,21.6,548.73,2388.27,9052.28,1.3,48.1,514.79,2388.2,8136.93,8.61,0.03,394,2388,100.0,38.31,22.8487
2,218,-0.0013,-0.0003,100.0,518.67,641.7,1594.4,1420.9,14.62,21.6,547.98,2388.28,9068.57,1.3,48.02,515.51,2388.16,8147.84,8.573,0.03,395,2388,100.0,38.21,22.9615
2,219,-0.0021,-0.0,100.0,518.67,642.62,1597.65,1419.13,14.62,21.6,548.09,2388.28,9079.27,1.3,47.71,515.0,2388.22,8138.12,8.571,0.03,394,2388,100.0,38.17,22.8483
2,220,0.0042,-0.0,100.0,518.67,642.14,1595.96,1417.65,14.62,21.6,548.51,2388.2,9064.48,1.3,48.07,515.37,2388.15,8146.28,8.615,0.03,394,2388,100.0,38.27,22.905
2,221,0.0014,0.0002,100.0,518.67,642.56,1598.3,1419.25,14.62,21.6,548.01,2388.23,9073.92,1.3,48.07,515.46,2388.17,8141.13,8.567,0.03,396,2388,100.0,38.21,23.0174
2,222,-0.0033,-0.0002,100.0,518.67,642.17,1597.69,1415.52,14.62,21.6,547.14,2388.17,9069.6,1.3,47.8,515.32,2388.18,8129.81,8.642,0.03,396,2388,100.0,38.08,22.8666
2,223,-0.0046,-0.0002,100.0,518.67,642.36,1593.08,1415.83,14.62,21.6,548.26,2388.21,9067.19,1.3,47.96,514.93,2388.1,8153.27,8.606,0.03,396,2388,100.0,38.23,22.9186
2,224,-0.0035,-0.0001,100.0,518.67,642.16,1600.23,1416.8,14.62,21.6,548.11,2388.2,9068.11,1.3,48.01,515.07,2388.14,8139.24,8.643,0.03,393,2388,100.0,38.29,22.8629
2,225,-0.0027,0.0004,100.0,518.67,642.36,1598.17,1417.31,14.62,21.6,548.06,2388.23,9069.99,1.3,48.15,515.12,2388.12,8138.05,8.533,0.03,395,2388,100.0,38.04,22.9107
2,226,0.0017,-0.0001,100.0,518.67,642.6,1590.07,1418.94,14.62,21.6,546.67,2388.37,9066.81,1.3,47.87,514.78,2388.15,8140.28,8.6,0.03,395,2388,100.0,38.24,22.8869
2,227,-0.0039,-0.0,100.0,518.67,641.59,1595.55,1410.32,14.62,21.6,548.46,2388.19,9075.89,1.3,47.93,516.34,2388.14,8131.78,8.618,0.03,395,2388,100.0,38.12,22.8806
2,228,-0.0001,0.0004,100.0,518.67,641.71,1594.6,1416.8,14.62,21.6,548.43,2388.23,9066.0,1.3,48.07,515.49,2388.14,8148.11,8.579,0.03,395,2388,100.0,38.14,22.9704
2,229,-0.0064,0.0001,100.0,518.67,642.21,1589.53,1415.6,14.62,21.6,547.97,2388.11,9078.49,1.3,47.9,515.76,2388.2,8131.45,8.619,0.03,395,2388,100.0,38.02,22.9594
2,230,-0.0016,-0.0003,100.0,518.67,642.1,1595.43,1414.2,14.62,21.6,546.79,2388.2,9066.7,1.3,48.25,515.33,2388.21,8142.48,8.586,0.03,395,2388,100.0,38.17,22.9295
2,231,0.0027,0.0001,100.0,518.67,642.5,1591.76,1412.83,14.62,21.6,547.75,2388.22,9073.55,1.3,47.88,515.39,2388.2,8117.29,8.665,0.03,395,2388,100.0,38.01,22.9055
2,232,0.0001,-0.0,100.0,518.67,642.46,1596.94,1415.74,14.62,21.6,547.47,2388.33,9055.95,1.3,48.03,515.37,2388.2,8132.0,8.55,0.03,395,2388,100.0,38.19,22.9703
2,233,-0.0025,0.0003,100.0,518.67,642.81,1593.61,1409.45,14.62,21.6,547.51,2388.27,9063.13,1.3,48.21,514.76,2388.08,8155.46,8.535,0.03,395,2388,100.0,38.42,22.8935
2,234,-0.0022,-0.0,100.0,518.67,642.21,1595.27,1417.33,14.62,21.6,548.49,2388.26,9073.75,1.3,47.93,515.94,2388.15,8145.56,8.576,0.03,394,2388,100.0,38.22,22.8702
2,235,-0.0017,-0.0002,100.0,518.67,642.4,1592.94,1414.27,14.62,21.6,546.3,2388.17,9070.7,1.3,47.92,515.8,2388.21,8150.91,8.659,0.03,395,2388,100.0,38.21,22.8614
2,236,0.0049,0.0006,100.0,518.67,642.24,1596.03,1420.24,14.62,21.6,547.03,2388.29,9068.72,1.3,48.05,514.83,2388.08,8145.17,8.633,0.03,395,2388,100.0,38.27,22.8537
2,237,-0.0021,-0.0,100.0,518.67,642.22,1597.22,1411.76,14.62,21.6,548.57,2388.25,9078.16,1.3,47.89,515.76,2388.22,8152.75,8.606,0.03,393,2388,100.0,38.11,22.8558
2,238,-0.002,0.0,100.0,518.67,642.14,1592.48,1410.69,14.62,21.6,548.04,2388.22,9064.12,1.3,47.97,515.36,2388.19,8105.9,8.638,0.03,396,2388,100.0,38.07,22.8368
2,239,-0.0009,-0.0002,100.0,518.67,642.31,1589.15,1410.52,14.62,21.6,546.78,2388.31,9071.16,1.3,47.8,515.49,2388.16,8137.03,8.616,0.03,396,2388,100.0,38.21,22.9425
2,240,0.0008,-0.0004,100.0,518.67,642.14,1603.86,1417.95,14.62,21.6,548.15,2388.26,9070.81,1.3,48.03,514.28,2388.17,8157.07,8.591,0.03,396,2388,100.0,38.22,22.8364
2,241,-0.0009,-0.0003,100.0,518.67,642.05,1591.21,1411.51,14.62,21.6,546.73,2388.26,9064.45,1.3,48.19,515.78,2388.21,8146.27,8.603,0.03,394,2388,100.0,38.3,22.8422
2,242,0.0013,0.0003,100.0,518.67,642.13,1598.23,1418.23,14.62,21.6,546.97,2388.19,9064.51,1.3,48.07,515.13,2388.15,8119.74,8.625,0.03,397,2388,100.0,38.18,22.9089
2,243,0.0011,0.0001,100.0,518.67,642.5,1596.35,1413.99,14.62,21.6,547.08,2388.27,9066.1,1.3,48.09,515.29,2388.21,8158.09,8.614,0.03,394,2388,100.0,38.11,22.8789
2,244,-0.0037,0.0004,100.0,518.67,642.31,1596.35,1420.77,14.62,21.6,547.54,2388.25,9067.23,1.3,47.95,515.88,2388.15,8151.15,8.556,0.03,396,2388,100.0,38.22,22.8798
2,245,-0.0005,0.0001,100.0,518.67,642.85,1589.95,1418.49,14.62,21.6,547.16,2388.24,9065.35,1.3,48.05,514.46,2388.22,8121.28,8.63,0.03,395,2388,100.0,38.04,22.8833
2,246,-0.0031,0.0,100.0,518.67,641.93,1596.67,1411.73,14.62,21.6,547.32,2388.22,9068.39,1.3,47.86,515.32,2388.26,8176.36,8.617,0.03,396,2388,100.0,37.99,22.9466
2,247,0.0016,-0.0001,100.0,518.67,642.6,1594.56,1413.66,14.62,21.6,546.48,2388.31,9060.49,1.3,47.92,514.52,2388.21,8135.51,8.575,0.03,395,2388,100.0,38.12,22.8106
2,248,-0.0023,0.0006,100.0,518.67,642.08,1594.4,1414.09,14.62,21.6,547.46,2388.31,9066.56,1.3,47.9,515.59,2388.17,8163.73,8.549,0.03,396,2388,100.0,38.28,22.8503
2,249,-0.0005,0.0001,100.0,518.67,642.16,1594.47,1414.27,14.62,21.6,547.8,2388.28,9071.09,1.3,48.17,514.79,2388.13,8135.78,8.617,0.03,395,2388,100.0,38.08,22.8404
2,250,0.0042,-0.0008,100.0,518.67,642.26,1600.63,1416.17,14.62,21.6,547.09,2388.23,9051.23,1.3,48.1,514.51,2388.13,8137.08,8.67,0.03,397,2388,100.0,38.13,22.8412
2,251,-0.0024,0.0001,100.0,518.67,642.76,1594.75,1406.23,14.62,21.6,547.59,2388.18,9070.65,1.3,48.13,514.84,2388.14,8155.31,8.607,0.03,394,2388,100.0,37.95,22.9258
2,252,0.0012,0.0,100.0,518.67,642.21,1593.95,1411.5,14.62,21.6,545.7,2388.23,9066.83,1.3,48.16,514.83,2388.22,8159.36,8.651,0.03,396,2388,100.0,38.11,22.8119
2,253,0.0015,0.0005,100.0,518.67,642.41,1601.33,1409.77,14.62,21.6,547.46,2388.28,9079.9,1.3,48.08,514.4,2388.17,8124.83,8.587,0.03,396,2388,100.0,38.18,22.8774
2,254,-0.0034,-0.0001,100.0,518.67,642.02,1599.15,1413.6,14.62,21.6,546.94,2388.23,9081.34,1.3,47.99,514.11,2388.07,8142.91,8.604,0.03,394,2388,100.0,38.2,22.8909
2,255,-0.0001,0.0004,100.0,518.67,642.5,1593.19,1411.84,14.62,21.6,547.13,2388.28,9062.78,1.3,48.17,514.4,2388.17,8160.69,8.602,0.03,394,2388,100.0,38.02,22.9055
2,256,0.0005,-0.0,100.0,518.67,642.21,1597.16,1412.66,14.62,21.6,546.43,2388.22,9064.52,1.3,48.04,514.73,2388.19,8099.12,8.599,0.03,395,2388,100.0,38.22,22.8
2,257,0.0003,0.0004,100.0,518.67,642.01,1596.93,1412.91,14.62,21.6,546.35,2388.23,9091.48,1.3,48.21,515.28,2388.2,8124.16,8.636,0.03,396,2388,100.0,38.03,22.9005
2,258,0.0014,0.0006,100.0,518.67,642.24,1592.49,1414.73,14.62,21.6,545.71,2388.17,9070.49,1.3,48.04,514.71,2388.23,8136.85,8.569,0.03,397,2388,100.0,38.01,22.7976
2,259,0.0022,-0.0001,100.0,518.67,642.34,1597.28,1420.58,14.62,21.6,547.69,2388.16,9075.93,1.3,47.99,515.37,2388.19,8135.46,8.645,0.03,396,2388,100.0,38.14,22.7973
2,260,-0.001,-0.0,100.0,518.67,642.35,1598.12,1408.25,14.62,21.6,546.58,2388.23,9063.99,1.3,48.08,512.86,2388.15,8133.08,8.642,0.03,395,2388,100.0,38.07,22.9242
2,261,0.002,0.0003,100.0,518.67,642.24,1597.54,1415.43,14.62,21.6,546.97,2388.24,9081.95,1.3,48.09,514.94,2388.25,8156.02,8.585,0.03,396,2388,100.0,38.15,22.8899
2,262,-0.0022,-0.0002,100.0,518.67,642.62,1593.67,1415.23,14.62,21.6,546.67,2388.24,9063.06,1.3,48.16,513.94,2388.17,8147.69,8.667,0.03,396,2388,100.0,38.02,22.9025
2,263,-0.0006,-0.0004,100.0,518.67,642.33,1600.31,1417.16,14.62,21.6,547.65,2388.2,9059.88,1.3,47.91,514.77,2388.19,8162.26,8.636,0.03,395,2388,100.0,38.08,22.8477
2,264,-0.0033,0.0008,100.0,518.67,642.51,1596.67,1419.02,14.62,21.6,546.56,2388.24,9075.03,1.3,48.17,514.16,2388.25,8147.32,8.652,0.03,397,2388,100.0,38.07,22.8559
2,265,0.0016,-0.0002,100.0,518.67,642.4,1596.46,1412.8,14.62,21.6,545.77,2388.21,9080.83,1.3,48.22,514.02,2388.22,8161.46,8.63,0.03,398,2388,100.0,37.93,22.873
2,266,0.0023,0.0003,100.0,518.67,642.34,1595.25,1418.46,14.62,21.6,546.95,2388.33,9062.24,1.3,48.1,514.04,2388.17,8156.09,8.635,0.03,398,2388,100.0,38.08,22.8396
2,267,0.0002,-0.0002,100.0,518.67,642.38,1599.55,1417.2,14.62,21.6,546.0,2388.26,9071.06,1.3,48.29,513.82,2388.17,8145.69,8.578,0.03,395,2388,100.0,38.01,22.795
2,268,0.0004,-0.0,100.0,518.67,642.26,1597.49,1423.7,14.62,21.6,545.38,2388.31,9069.12,1.3,48.15,514.26,2388.19,8145.82,8.616,0.03,395,2388,100.0,38.02,22.8448
2,269,0.0012,0.0003,100.0,518.67,642.28,1597.1,1420.72,14.62,21.6,546.47,2388.27,9072.15,1.3,47.99,514.34,2388.22,8151.76,8.626,0.03,396,2388,100.0,37.99,22.8665
2,270,-0.0002,-0.0001,100.0,518.67,642.32,1596.1,1415.14,14.62,21.6,546.24,2388.36,9082.42,1.3,48.02,514.45,2388.16,8140.19,8.695,0.03,396,2388,100.0,38.08,22.8567
2,271,-0.002,-0.0003,100.0,518.67,642.11,1593.67,1405.6,14.62,21.6,547.68,2388.29,9059.44,1.3,48.06,514.16,2388.14,8154.49,8.66,0.03,395,2388,100.0,38.11,22.9042
2,272,0.0038,0.0009,100.0,518.67,642.2,1604.85,1415.64,14.62,21.6,546.61,2388.26,9074.04,1.3,47.98,514.25,2388.25,8143.53,8.641,0.03,396,2388,100.0,38.14,22.7434
2,273,0.0012,-0.0001,100.0,518.67,642.47,1599.59,1412.35,14.62,21.6,545.23,2388.26,9081.57,1.3,48.14,513.67,2388.17,8126.41,8.604,0.03,396,2388,100.0,37.95,22.88
2,274,-0.0001,0.0,100.0,518.67,642.36,1598.77,1420.32,14.62,21.6,546.7,2388.28,9075.34,1.3,48.11,514.32,2388.18,8138.83,8.618,0.03,396,2388,100.0,38.15,22.8812
2,275,-0.0025,0.0004,100.0,518.67,642.36,1598.3,1413.62,14.62,21.6,546.52,2388.21,9075.95,1.3,48.33,514.21,2388.26,8142.1,8.665,0.03,394,2388,100.0,38.23,22.8957
2,276,-0.0006,-0.0006,100.0,518.67,642.51,1592.21,1419.09,14.62,21.6,545.74,2388.34,9077.6,1.3,48.29,514.27,2388.12,8156.16,8.632,0.03,395,2388,100.0,38.14,22.9241
2,277,-0.0001,0.0006,100.0,518.67,642.47,1595.44,1414.85,14.62,21.6,545.81,2388.33,9066.76,1.3,48.11,514.76,2388.17,8139.62,8.675,0.03,397,2388,100.0,38.08,22.7847
2,278,-0.001,0.0,100.0,518.67,642.53,1593.66,1420.33,14.62,21.6,545.22,2388.24,9067.28,1.3,48.16,515.16,2388.21,8134.44,8.649,0.03,396,2388,100.0,38.05,22.8447
2,279,0.0024,-0.0,100.0,518.67,642.87,1599.39,1414.67,14.62,21.6,546.42,2388.25,9084.61,1.3,48.44,514.18,2388.17,8142.51,8.664,0.03,397,2388,100.0,38.07,22.819
2,280,0.003,-0.0001,100.0,518.67,642.72,1595.84,1419.29,14.62,21.6,546.16,2388.27,9082.22,1.3,48.08,513.8,2388.3,8156.37,8.572,0.03,395,2388,100.0,37.88,22.7647
2,281,-0.0063,-0.0,100.0,518.67,642.18,1596.93,1411.12,14.62,21.6,545.92,2388.37,9082.83,1.3,48.28,513.98,2388.3,8126.05,8.603,0.03,396,2388,100.0,38.2,22.8003
2,282,-0.0004,-0.0004,100.0,518.67,642.71,1599.65,1420.84,14.62,21.6,545.72,2388.23,9072.29,1.3,48.04,513.53,2388.18,8138.87,8.63,0.03,396,2388,100.0,38.02,22.7943
2,283,0.0004,-0.0003,100.0,518.67,642.51,1597.28,1411.74,14.62,21.6,545.58,2388.3,9081.01,1.3,48.31,514.11,2388.18,8156.16,8.667,0.03,395,2388,100.0,37.95,22.7034
2,284,0.0003,-0.0,100.0,518.67,642.77,1597.95,1423.15,14.62,21.6,546.77,2388.27,9077.99,1.3,48.0,514.19,2388.1,8141.64,8.661,0.03,396,2388,100.0,37.93,22.8475
2,285,-0.0002,-0.0001,100.0,518.67,642.5,1604.83,1422.49,14.62,21.6,546.32,2388.31,9052.68,1.3,48.1,513.81,2388.1,8131.01,8.589,0.03,396,2388,100.0,38.07,22.8588
2,286,0.0008,-0.0003,100.0,518.67,642.01,1591.69,1412.86,14.62,21.6,545.93,2388.25,9074.64,1.3,48.17,514.03,2388.26,8130.78,8.662,0.03,396,2388,100.0,37.98,22.846
2,287,0.0018,-0.0003,100.0,518.67,642.45,1597.84,1416.91,14.62,21.6,546.17,2388.39,9059.76,1.3,48.18,513.55,2388.23,8125.59,8.66,0.03,395,2388,100.0,37.94,22.7277
3,1,-0.0009,0.0003,100.0,518.67,641.0,1586.95,1406.76,14.62,21.6,553.62,2388.03,9045.77,1.3,47.14,520.2,2388.05,8125.45,8.407,0.03,391,2388,100.0,38.93,23.2591
3,2,-0.0003,0.0003,100.0,518.67,641.21,1585.07,1393.13,14.62,21.6,554.96,2388.04,9044.22,1.3,47.2,520.65,2388.07,8133.32,8.379,0.03,392,2388,100.0,38.98,23.3744
3,3,0.0031,0.0002,100.0,518.67,640.96,1575.48,1401.49,14.62,21.6,553.95,2388.01,9039.76,1.3,47.29,521.2,2388.04,8141.61,8.422,0.03,392,2388,100.0,38.88,23.2962
3,4,0.0002,0.0003,100.0,518.67,641.19,1591.5,1409.23,14.62,21.6,551.52,2388.07,9046.17,1.3,47.12,520.64,2387.98,8137.68,8.359,0.03,391,2388,100.0,38.91,23.32
3,5,0.0013,-0.0002,100.0,518.67,640.8,1583.82,1401.46,14.62,21.6,552.55,2388.0,9039.95,1.3,47.01,521.29,2388.03,8135.81,8.435,0.03,392,2388,100.0,38.84,23.3953
3,6,-0.0005,0.0002,100.0,518.67,641.05,1579.86,1392.42,14.62,21.6,554.37,2388.05,9058.05,1.3,47.11,521.57,2387.96,8133.06,8.408,0.03,392,2388,100.0,38.98,23.248
3,7,-0.0027,0.0,100.0,518.67,640.96,1595.6,1403.41,14.62,21.6,553.05,2387.92,9042.66,1.3,47.25,521.44,2388.06,8133.34,8.4,0.03,392,2388,100.0,38.82,23.3664
3,8,-0.0004,-0.0,100.0,518.67,640.51,1584.95,1404.15,14.62,21.6,553.19,2388.05,9039.17,1.3,47.38,520.42,2387.99,8117.18,8.423,0.03,394,2388,100.0,38.92,23.2344
3,9,0.0023,-0.0001,100.0,518.67,641.42,1588.02,1389.13,14.62,21.6,554.16,2388.02,9042.92,1.3,47.17,519.69,2388.01,8157.28,8.437,0.03,394,2388,100.0,38.93,23.3262
3,10,0.0039,0.0001,100.0,518.67,641.04,1588.77,1406.82,14.62,21.6,553.12,2388.02,9057.88,1.3,47.36,519.9,2388.11,8123.14,8.406,0.03,392,2388,100.0,39.07,23.2842
3,11,-0.0017,0.0003,100.0,518.67,641.28,1585.17,1404.47,14.62,21.6,553.21,2387.92,9040.76,1.3,47.5,521.39,2388.02,8150.88,8.411,0.03,392,2388,100.0,38.85,23.263
3,12,-0.0004,0.0003,100.0,518.67,641.14,1587.94,1405.33,14.62,21.6,552.88,2387.95,9052.67,1.3,47.24,520.57,2388.01,8162.01,8.377,0.03,391,2388,100.0,38.87,23.2477
3,13,0.0006,0.0002,100.0,518.67,641.43,1581.35,1399.08,14.62,21.6,553.88,2388.13,9059.24,1.3,47.27,520.05,2387.99,8123.98,8.438,0.03,392,2388,100.0,38.73,23.2419
3,14,0.0018,0.0001,100.0,518.67,641.26,1587.09,1407.91,14.62,21.6,553.14,2387.98,9053.72,1.3,46.96,520.36,2388.01,8114.8,8.392,0.03,393,2388,100.0,38.85,23.266
3,15,0.0006,0.0,100.0,518.67,641.44,1586.38,1395.68,14.62,21.6,553.55,2388.0,9041.82,1.3,47.34,520.35,2388.1,8127.11,8.396,0.03,393,2388,100.0,38.9,23.2665
3,16,0.0014,-0.0,100.0,518.67,641.19,1589.57,1404.11,14.62,21.6,554.1,2387.91,9068.38,1.3,47.07,520.06,2388.02,8129.58,8.453,0.03,392,2388,100.0,38.84,23.2264
3,17,0.0006,-0.0,100.0,518.67,641.17,1584.49,1399.67,14.62,21.6,553.81,2388.0,9045.14,1.3,47.37,520.32,2388.06,8120.56,8.37,0.03,392,2388,100.0,38.75,23.2486
3,18,-0.0013,0.0002,100.0,518.67,641.08,1586.66,1402.44,14.62,21.6,553.18,2388.06,9045.85,1.3,47.48,520.18,2387.95,8133.77,8.4,0.03,393,2388,100.0,38.99,23.2104
3,19,0.0007,-0.0005,100.0,518.67,641.27,1583.62,1399.41,14.62,21.6,553.59,2388.08,9052.52,1.3,47.19,521.05,2387.98,8105.65,8.44,0.03,392,2388,100.0,38.88,23.2279
3,20,0.0012,0.0004,100.0,518.67,640.87,1584.64,1401.71,14.62,21.6,552.71,2388.0,9056.28,1.3,47.24,520.29,2387.94,8158.25,8.388,0.03,392,2388,100.0,38.8,23.3398
3,21,-0.0026,0.0006,100.0,518.67,641.37,1587.66,1398.17,14.62,21.6,552.63,2388.1,9044.81,1.3,47.3,519.9,2387.97,8140.66,8.445,0.03,393,2388,100.0,38.65,23.2945
3,22,0.005,-0.0001,100.0,518.67,641.66,1585.69,1396.72,14.62,21.6,553.65,2387.99,9047.9,1.3,47.4,520.14,2388.05,8134.7,8.445,0.03,392,2388,100.0,38.81,23.1922
3,23,0.0026,-0.0002,100.0,518.67,641.47,1585.84,1403.12,14.62,21.6,552.36,2387.95,9044.38,1.3,47.29,520.21,2388.08,8126.58,8.406,0.03,391,2388,100.0,38.82,23.3049
3,24,0.0025,0.0002,100.0,518.67,641.36,1591.7,1403.74,14.62,21.6,552.73,2387.97,9047.48,1.3,47.33,520.09,2388.12,8132.99,8.469,0.03,392,2388,100.0,38.75,23.1665
3,25,-0.0015,0.0002,100.0,518.67,641.21,1589.5,1403.24,14.62,21.6,554.17,2388.04,9062.38,1.3,47.29,520.38,2388.07,8134.6,8.364,0.03,393,2388,100.0,38.87,23.2565
3,26,0.0009,-0.0005,100.0,518.67,641.04,1587.98,1404.26,14.62,21.6,552.75,2388.06,9053.33,1.3,47.22,518.86,2388.05,8134.27,8.418,0.03,391,2388,100.0,38.82,23.2141
3,27,0.0011,0.0006,100.0,518.67,640.69,1584.71,1401.88,14.62,21.6,551.81,2388.14,9054.41,1.3,47.34,519.85,2388.01,8144.84,8.406,0.03,393,2388,100.0,38.73,23.1865
3,28,0.0052,0.0001,100.0,518.67,641.39,1590.29,1397.13,14.62,21.6,551.24,2388.01,9049.77,1.3,47.43,520.01,2388.02,8132.2,8.41,0.03,391,2388,100.0,38.82,23.2565
3,29,0.0032,-0.0002,100.0,518.67,641.42,1586.09,1407.68,14.62,21.6,552.83,2388.03,9061.25,1.3,47.45,519.52,2387.97,8128.97,8.486,0.03,394,2388,100.0,38.67,23.1606
3,30,0.0025,-0.0003,100.0,518.67,641.38,1585.16,1409.48,14.62,21.6,553.35,2388.06,9055.7,1.3,47.11,518.73,2388.02,8135.48,8.408,0.03,392,2388,100.0,38.79,23.2443
3,31,-0.0003,0.0002,100.0,518.67,640.97,1586.01,1409.71,14.62,21.6,552.69,2388.17,9042.62,1.3,47.48,520.62,2388.02,8142.91,8.414,0.03,392,2388,100.0,38.77,23.2533
3,32,0.0022,0.0005,100.0,518.67,641.25,1590.73,1401.85,14.62,21.6,552.69,2388.08,9057.32,1.3,47.17,519.19,2388.04,8112.43,8.47,0.03,393,2388,100.0,38.77,23.1546
3,33,0.0028,0.0006,100.0,518.67,641.31,1588.74,1404.13,14.62,21.6,552.45,2388.05,9061.3,1.3,47.69,519.01,2388.03,8118.6,8.494,0.03,392,2388,100.0,38.62,23.2397
3,34,0.0035,0.0002,100.0,518.67,641.34,1588.51,1409.08,14.62,21.6,552.41,2388.03,9044.84,1.3,47.35,520.22,2388.07,8140.58,8.452,0.03,393,2388,100.0,38.67,23.1896
3,35,0.0004,0.0001,100.0,518.67,641.37,1586.93,1402.01,14.62,21.6,552.98,2388.08,9052.44,1.3,47.34,519.57,2388.05,8110.37,8.402,0.03,392,2388,100.0,38.74,23.1903
3,36,0.003,-0.0004,100.0,518.67,641.11,1591.97,1404.14,14.62,21.6,553.62,2388.03,9053.63,1.3,47.37,518.61,2388.02,8143.59,8.466,0.03,393,2388,100.0,38.69,23.1666
3,37,0.0025,-0.0001,100.0,518.67,641.38,1587.97,1409.57,14.62,21.6,551.57,2388.0,9059.18,1.3,47.4,519.33,2388.09,8135.35,8.453,0.03,393,2388,100.0,38.68,23.2751
3,38,-0.0016,0.0002,100.0,518.67,641.68,1583.42,1402.45,14.62,21.6,553.0,2388.06,9048.79,1.3,47.54,520.11,2387.98,8118.74,8.46,0.03,393,2388,100.0,38.69,23.2278
3,39,-0.0014,-0.0006,100.0,518.67,641.22,1587.8,1402.82,14.62,21.6,551.17,2388.04,9061.97,1.3,47.58,520.07,2388.0,8119.42,8.469,0.03,393,2388,100.0,38.74,23.0904
3,40,-0.0017,-0.0,100.0,518.67,641.46,1589.98,1404.6,14.62,21.6,552.26,2388.1,9057.42,1.3,47.43,519.3,2388.05,8139.17,8.464,0.03,393,2388,100.0,38.81,23.2015
3,41,-0.0013,0.0003,100.0,518.67,641.0,1584.5,1405.47,14.62,21.6,551.42,2388.05,9050.19,1.3,47.37,519.87,2388.08,8133.21,8.441,0.03,392,2388,100.0,38.81,23.2151
3,42,-0.0014,0.0002,100.0,518.67,641.33,1586.95,1405.96,14.62,21.6,551.92,2388.08,9051.17,1.3,47.52,520.29,2388.01,8113.54,8.399,0.03,393,2388,100.0,38.64,23.1931
3,43,0.0003,-0.0005,100.0,518.67,640.91,1588.77,1404.87,14.62,21.6,551.08,2388.1,9065.46,1.3,47.48,518.89,2388.05,8117.21,8.492,0.03,393,2388,100.0,38.54,23.1649
3,44,0.0009,-0.0001,100.0,518.67,641.3,1584.28,1406.69,14.62,21.6,550.74,2388.06,9063.26,1.3,47.4,520.15,2388.07,8137.75,8.458,0.03,393,2388,100.0,38.66,23.162
3,45,0.0011,-0.0003,100.0,518.67,641.11,1584.65,1412.71,14.62,21.6,552.17,2388.02,9060.52,1.3,47.44,519.35,2388.0,8135.69,8.45,0.03,392,2388,100.0,38.73,23.0974
3,46,0.0011,0.0002,100.0,518.67,641.17,1585.62,1403.73,14.62,21.6,551.85,2388.1,9069.76,1.3,47.39,518.34,2388.09,8154.05,8.476,0.03,392,2388,100.0,38.66,23.1156
3,47,0.0013,-0.0004,100.0,518.67,641.32,1585.14,1405.23,14.62,21.6,552.01,2388.08,9047.88,1.3,47.54,519.14,2388.0,8160.83,8.48,0.03,393,2388,100.0,38.78,23.2608
3,48,-0.0003,0.0001,100.0,518.67,641.16,1587.78,1404.03,14.62,21.6,552.05,2388.11,9057.8,1.3,47.31,518.65,2388.03,8130.64,8.499,0.03,392,2388,100.0,38.63,23.2136
3,49,-0.0006,0.0001,100.0,518.67,641.38,1589.06,1404.01,14.62,21.6,550.88,2388.06,9058.39,1.3,47.54,519.83,2388.04,8151.86,8.449,0.03,394,2388,100.0,38.72,23.1175
3,50,0.0006,-0.0,100.0,518.67,641.58,1587.68,1403.8,14.62,21.6,551.71,2388.13,9054.34,1.3,47.7,518.71,2388.03,8152.48,8.456,0.03,394,2388,100.0,38.72,23.1526
3,51,-0.0036,-0.0,100.0,518.67,641.45,1591.92,1411.48,14.62,21.6,552.2,2388.12,9064.86,1.3,47.55,518.03,2388.05,8120.41,8.465,0.03,394,2388,100.0,38.67,23.2149
3,52,0.0007,-0.0004,100.0,518.67,640.81,1588.93,1404.37,14.62,21.6,550.66,2388.05,9054.84,1.3,47.58,519.06,2388.14,8121.93,8.499,0.03,393,2388,100.0,38.69,23.1329
3,53,0.0021,0.0001,100.0,518.67,641.27,1588.52,1404.37,14.62,21.6,550.92,2388.09,9059.68,1.3,47.5,519.6,2388.1,8134.35,8.481,0.03,393,2388,100.0,38.67,23.0607
3,54,-0.0006,-0.0004,100.0,518.67,641.77,1588.44,1404.66,14.62,21.6,551.84,2388.03,9056.07,1.3,47.46,518.02,2388.03,8132.32,8.472,0.03,392,2388,100.0,38.72,23.1441
3,55,0.0001,0.0001,100.0,518.67,641.26,1590.06,1404.06,14.62,21.6,551.89,2388.17,9062.56,1.3,47.63,518.59,2387.98,8152.49,8.538,0.03,394,2388,100.0,38.6,23.0886
3,56,-0.0021,-0.0005,100.0,518.67,641.44,1593.57,1405.06,14.62,21.6,552.32,2388.07,9073.17,1.3,47.77,518.74,2388.03,8143.06,8.468,0.03,392,2388,100.0,38.72,23.2044
3,57,0.0003,-0.0004,100.0,518.67,641.17,1589.14,1403.73,14.62,21.6,552.07,2388.13,9068.03,1.3,47.39,518.6,2388.1,8140.15,8.526,0.03,394,2388,100.0,38.76,23.1678
3,58,0.0021,-0.0001,100.0,518.67,641.49,1591.62,1412.28,14.62,21.6,551.36,2388.17,9039.59,1.3,47.34,519.07,2388.07,8142.13,8.483,0.03,394,2388,100.0,38.54,23.1665
3,59,0.002,0.0004,100.0,518.67,642.0,1589.69,1407.03,14.62,21.6,551.04,2388.09,9065.65,1.3,47.45,519.09,2388.07,8132.82,8.49,0.03,393,2388,100.0,38.57,23.05
3,60,-0.0005,-0.0001,100.0,518.67,641.37,1590.27,1408.67,14.62,21.6,551.92,2388.13,9055.01,1.3,47.48,518.81,2388.1,8151.8,8.52,0.03,393,2388,100.0,38.59,23.166
3,61,0.0021,0.0003,100.0,518.67,641.5,1585.33,1402.14,14.62,21.6,551.48,2388.05,9057.85,1.3,47.62,518.04,2388.12,8130.58,8.523,0.03,393,2388,100.0,38.51,23.1067
3,62,-0.0002,-0.0001,100.0,518.67,641.47,1590.16,1405.55,14.62,21.6,550.2,2388.12,9056.91,1.3,47.76,518.11,2387.98,8142.61,8.497,0.03,393,2388,100.0,38.47,23.2037
3,63,0.0028,-0.0007,100.0,518.67,641.41,1594.22,1404.43,14.62,21.6,551.01,2388.05,9044.1,1.3,47.69,517.61,2388.08,8145.92,8.444,0.03,393,2388,100.0,38.68,23.1507
3,64,-0.0012,0.0004,100.0,518.67,641.84,1590.1,1402.84,14.62,21.6,551.31,2388.1,9065.38,1.3,47.36,517.75,2388.08,8129.46,8.471,0.03,392,2388,100.0,38.58,23.1186
3,65,0.0013,0.0,100.0,518.67,641.51,1592.89,1401.29,14.62,21.6,550.09,2388.07,9048.29,1.3,47.66,518.43,2388.07,8122.17,8.482,0.03,393,2388,100.0,38.6,23.0689
3,66,0.0027,-0.0005,100.0,518.67,641.35,1594.46,1404.9,14.62,21.6,551.18,2388.09,9051.42,1.3,47.43,519.8,2388.06,8112.42,8.537,0.03,394,2388,100.0,38.51,23.069
3,67,0.0013,-0.0001,100.0,518.67,641.08,1594.85,1405.0,14.62,21.6,551.77,2388.06,9066.5,1.3,47.49,517.45,2388.05,8140.39,8.48,0.03,393,2388,100.0,38.65,23.1182
3,68,-0.0017,0.0002,100.0,518.67,641.62,1581.99,1408.55,14.62,21.6,550.97,2388.16,9052.98,1.3,47.62,517.56,2388.1,8159.14,8.465,0.03,393,2388,100.0,38.5,23.1166
3,69,-0.0021,0.0001,100.0,518.67,641.79,1591.23,1399.86,14.62,21.6,551.48,2388.16,9061.46,1.3,47.61,518.82,2388.17,8124.35,8.529,0.03,393,2388,100.0,38.54,23.0304
3,70,-0.0006,-0.0003,100.0,518.67,641.47,1586.4,1405.24,14.62,21.6,550.93,2388.04,9047.04,1.3,47.64,517.86,2388.13,8138.57,8.516,0.03,395,2388,100.0,38.52,23.0757
3,71,0.0017,0.0002,100.0,518.67,641.55,1593.93,1406.29,14.62,21.6,550.84,2388.07,9059.35,1.3,47.78,518.45,2388.08,8134.01,8.509,0.03,394,2388,100.0,38.59,23.0851
3,72,0.0006,0.0001,100.0,518.67,641.35,1590.33,1398.6,14.62,21.6,551.18,2388.16,9055.69,1.3,47.64,518.9,2388.15,8135.68,8.505,0.03,394,2388,100.0,38.42,23.0827
3,73,0.0027,0.0003,100.0,518.67,641.7,1585.38,1407.14,14.62,21.6,550.94,2388.08,9050.77,1.3,47.34,518.76,2388.06,8138.0,8.502,0.03,393,2388,100.0,38.43,23.0458
3,74,-0.0014,0.0001,100.0,518.67,641.42,1595.2,1411.55,14.62,21.6,550.62,2388.2,9057.35,1.3,47.61,518.19,2388.12,8143.84,8.489,0.03,393,2388,100.0,38.58,23.1291
3,75,-0.0008,-0.0005,100.0,518.67,641.58,1591.9,1414.76,14.62,21.6,550.39,2388.11,9070.06,1.3,47.61,517.61,2388.11,8131.43,8.468,0.03,393,2388,100.0,38.66,23.1097
3,76,0.0002,-0.0001,100.0,518.67,641.71,1590.94,1408.81,14.62,21.6,551.12,2388.13,9051.52,1.3,47.54,517.04,2388.19,8146.72,8.481,0.03,393,2388,100.0,38.47,23.1648
3,77,-0.0028,0.0,100.0,518.67,641.62,1592.64,1407.33,14.62,21.6,550.41,2388.08,9060.1,1.3,47.82,517.12,2388.05,8129.82,8.496,0.03,394,2388,100.0,38.5,23.1057
3,78,-0.0013,0.0001,100.0,518.67,641.85,1588.03,1410.97,14.62,21.6,551.14,2388.12,9062.64,1.3,47.63,517.9,2388.1,8142.98,8.471,0.03,395,2388,100.0,38.36,23.0479
3,79,-0.0002,0.0001,100.0,518.67,642.06,1584.72,1405.91,14.62,21.6,550.49,2388.15,9072.44,1.3,47.66,518.43,2388.12,8131.4,8.468,0.03,394,2388,100.0,38.38,23.1441
3,80,-0.0003,0.0004,100.0,518.67,641.55,1591.17,1408.88,14.62,21.6,550.16,2388.15,9052.42,1.3,47.49,518.49,2388.13,8137.49,8.562,0.03,394,2388,100.0,38.6,23.0853
3,81,-0.002,0.0006,100.0,518.67,641.93,1590.07,1411.05,14.62,21.6,550.88,2388.02,9051.8,1.3,47.78,517.71,2388.1,8120.63,8.569,0.03,395,2388,100.0,38.48,23.0535
3,82,0.0021,0.0006,100.0,518.67,641.93,1597.01,1404.56,14.62,21.6,549.62,2388.16,9061.48,1.3,47.64,518.2,2388.15,8118.56,8.497,0.03,394,2388,100.0,38.45,23.031
3,83,0.002,-0.0004,100.0,518.67,641.62,1591.55,1406.05,14.62,21.6,549.95,2388.21,9059.2,1.3,47.75,518.13,2388.06,8112.31,8.527,0.03,394,2388,100.0,38.53,23.0568
3,84,-0.0009,0.0006,100.0,518.67,641.34,1592.83,1406.15,14.62,21.6,550.06,2388.1,9064.89,1.3,47.85,517.95,2388.1,8125.2,8.533,0.03,396,2388,100.0,38.45,23.0466
3,85,-0.0011,-0.0001,100.0,518.67,641.03,1591.91,1405.17,14.62,21.6,550.65,2388.09,9057.74,1.3,47.87,516.97,2388.02,8140.35,8.553,0.03,393,2388,100.0,38.51,23.0916
3,86,-0.0041,0.0002,100.0,518.67,641.94,1589.83,1413.66,14.62,21.6,550.22,2388.12,9052.79,1.3,47.68,517.92,2388.08,8110.84,8.558,0.03,394,2388,100.0,38.44,23.1026
3,87,0.003,-0.0008,100.0,518.67,641.84,1586.55,1410.75,14.62,21.6,550.49,2388.12,9045.71,1.3,47.63,517.8,2388.15,8123.23,8.552,0.03,393,2388,100.0,38.49,23.0315
3,88,0.0004,0.0003,100.0,518.67,641.43,1588.86,1409.59,14.62,21.6,549.55,2388.25,9076.85,1.3,47.68,517.41,2388.06,8136.56,8.481,0.03,394,2388,100.0,38.58,23.0236
3,89,-0.0005,-0.0005,100.0,518.67,641.84,1591.76,1409.2,14.62,21.6,549.85,2388.17,9060.71,1.3,47.74,517.63,2388.16,8145.58,8.53,0.03,395,2388,100.0,38.49,23.1166
3,90,0.0012,-0.0006,100.0,518.67,642.08,1591.44,1408.84,14.62,21.6,549.77,2388.16,9056.33,1.3,47.87,517.42,2388.08,8126.44,8.534,0.03,394,2388,100.0,38.48,22.9972
3,91,-0.0032,0.0002,100.0,518.67,642.13,1588.02,1415.51,14.62,21.6,549.93,2388.13,9050.11,1.3,47.84,517.05,2388.06,8149.53,8.471,0.03,393,2388,100.0,38.44,23.0605
3,92,0.001,-0.0001,100.0,518.67,642.4,1590.48,1408.33,14.62,21.6,549.96,2388.18,9070.94,1.3,47.52,517.28,2388.13,8144.75,8.529,0.03,394,2388,100.0,38.37,23.1209
3,93,0.002,-0.0004,100.0,518.67,641.51,1588.09,1412.06,14.62,21.6,549.64,2388.18,9060.9,1.3,47.75,516.83,2388.13,8130.43,8.52,0.03,394,2388,100.0,38.44,23.0414
3,94,-0.0015,-0.0001,100.0,518.67,641.79,1587.18,1407.6,14.62,21.6,549.03,2388.22,9071.71,1.3,47.56,518.0,2388.1,8142.9,8.516,0.03,395,2388,100.0,38.46,22.9967
3,95,-0.0023,-0.0004,100.0,518.67,641.84,1593.09,1412.16,14.62,21.6,549.06,2388.13,9070.89,1.3,47.67,517.36,2388.05,8142.0,8.519,0.03,395,2388,100.0,38.48,23.0099
3,96,-0.0003,-0.0002,100.0,518.67,641.45,1588.86,1410.45,14.62,21.6,549.8,2388.15,9069.26,1.3,47.74,517.6,2388.02,8090.98,8.543,0.03,393,2388,100.0,38.4,23.0167
3,97,0.0032,0.0001,100.0,518.67,641.85,1594.01,1411.23,14.62,21.6,550.31,2388.11,9064.51,1.3,47.54,517.31,2388.12,8158.25,8.489,0.03,394,2388,100.0,38.48,23.0458
3,98,0.0004,-0.0003,100.0,518.67,641.67,1595.3,1409.65,14.62,21.6,549.55,2388.11,9069.52,1.3,47.81,518.32,2388.06,8148.08,8.498,0.03,394,2388,100.0,38.49,22.9227
3,99,-0.0004,-0.0002,100.0,518.67,641.65,1592.79,1414.44,14.62,21.6,549.7,2388.17,9062.18,1.3,47.61,517.68,2388.13,8143.03,8.514,0.03,394,2388,100.0,38.39,22.9468
3,100,-0.0034,-0.0002,100.0,518.67,641.97,1589.74,1405.98,14.62,21.6,549.26,2388.15,9079.61,1.3,47.9,517.6,2388.17,8126.39,8.503,0.03,393,2388,100.0,38.5,22.9933
3,101,-0.0025,-0.0001,100.0,518.67,641.79,1592.58,1411.16,14.62,21.6,549.9,2388.14,9061.16,1.3,47.85,516.73,2388.08,8145.56,8.515,0.03,394,2388,100.0,38.44,23.1206
3,102,0.0012,0.0001,100.0,518.67,641.99,1588.62,1410.72,14.62,21.6,549.63,2388.18,9065.57,1.3,47.73,517.04,2388.05,8134.71,8.584,0.03,395,2388,100.0,38.39,23.1099
3,103,-0.0027,-0.0003,100.0,518.67,642.29,1592.04,1409.39,14.62,21.6,549.67,2388.2,9053.9,1.3,47.76,516.8,2388.13,8125.2,8.581,0.03,395,2388,100.0,38.35,23.0015
3,104,-0.0003,-0.0002,100.0,518.67,641.76,1591.16,1416.91,14.62,21.6,549.91,2388.19,9053.84,1.3,47.78,517.42,2388.05,8146.35,8.615,0.03,395,2388,100.0,38.49,23.0204
3,105,0.0019,-0.0002,100.0,518.67,642.08,1594.0,1411.72,14.62,21.6,548.98,2388.17,9063.67,1.3,47.65,517.01,2388.03,8151.36,8.548,0.03,394,2388,100.0,38.31,22.995
3,106,0.0014,0.0002,100.0,518.67,641.71,1589.57,1413.29,14.62,21.6,549.3,2388.18,9065.52,1.3,47.9,516.22,2388.02,8132.07,8.602,0.03,396,2388,100.0,38.51,22.9943
3,107,-0.0036,-0.0007,100.0,518.67,641.74,1591.58,1415.96,14.62,21.6,549.35,2388.13,9055.46,1.3,47.83,517.16,2388.14,8126.55,8.569,0.03,395,2388,100.0,38.28,22.9619
3,108,0.0014,-0.0001,100.0,518.67,642.3,1593.74,1408.91,14.62,21.6,549.21,2388.14,9055.97,1.3,47.89,517.2,2388.15,8157.23,8.535,0.03,396,2388,100.0,38.28,22.9477
3,109,-0.0035,-0.0001,100.0,518.67,641.79,1593.89,1411.94,14.62,21.6,548.89,2388.16,9049.19,1.3,47.68,516.35,2388.19,8141.43,8.572,0.03,393,2388,100.0,38.45,23.0606
3,110,-0.004,-0.0002,100.0,518.67,642.05,1594.31,1408.35,14.62,21.6,548.73,2388.19,9073.1,1.3,47.71,517.2,2388.08,8129.05,8.578,0.03,395,2388,100.0,38.42,22.9269
3,111,-0.0009,0.0002,100.0,518.67,641.94,1589.22,1413.0,14.62,21.6,550.12,2388.26,9068.48,1.3,48.0,516.69,2388.16,8157.03,8.562,0.03,394,2388,100.0,38.21,22.9858
3,112,0.0016,0.0003,100.0,518.67,642.06,1590.88,1403.36,14.62,21.6,548.81,2388.17,9068.71,1.3,48.08,516.68,2388.11,8136.27,8.56,0.03,394,2388,100.0,38.35,23.0097
3,113,0.0004,0.0001,100.0,518.67,642.06,1587.26,1413.91,14.62,21.6,548.29,2388.13,9067.36,1.3,47.8,515.74,2388.15,8122.19,8.562,0.03,395,2388,100.0,38.4,23.0734
3,114,-0.0027,-0.0,100.0,518.67,641.89,1593.94,1412.33,14.62,21.6,548.64,2388.14,9071.91,1.3,47.9,517.0,2388.11,8131.67,8.527,0.03,395,2388,100.0,38.24,23.074
3,115,-0.0026,0.0001,100.0,518.67,642.36,1594.51,1412.27,14.62,21.6,548.03,2388.23,9076.18,1.3,47.79,515.93,2388.01,8127.87,8.557,0.03,396,2388,100.0,38.38,22.994
3,116,-0.0008,-0.0002,100.0,518.67,642.32,1593.38,1403.25,14.62,21.6,548.3,2388.17,9068.76,1.3,47.83,516.43,2388.2,8131.36,8.618,0.03,394,2388,100.0,38.32,22.9619
3,117,0.0002,0.0001,100.0,518.67,642.09,1590.58,1407.27,14.62,21.6,548.48,2388.23,9051.52,1.3,47.82,516.36,2388.15,8107.14,8.568,0.03,394,2388,100.0,38.34,22.9214
3,118,-0.0017,-0.0001,100.0,518.67,641.73,1591.48,1407.09,14.62,21.6,549.34,2388.13,9063.07,1.3,47.96,516.08,2388.09,8142.6,8.598,0.03,394,2388,100.0,38.29,22.8838
3,119,-0.0008,0.0,100.0,518.67,641.78,1591.61,1406.33,14.62,21.6,549.31,2388.14,9059.64,1.3,47.93,516.95,2388.06,8137.95,8.575,0.03,395,2388,100.0,38.1,22.9927
3,120,0.003,0.0,100.0,518.67,641.75,1591.51,1419.15,14.62,21.6,549.02,2388.22,9059.46,1.3,47.84,516.27,2388.16,8158.16,8.601,0.03,394,2388,100.0,38.31,23.0016
3,121,0.0012,-0.0002,100.0,518.67,642.74,1589.28,1407.83,14.62,21.6,549.86,2388.16,9062.74,1.3,48.02,516.26,2388.12,8146.93,8.577,0.03,396,2388,100.0,38.39,22.9774
3,122,0.0006,0.0001,100.0,518.67,642.14,1593.34,1412.27,14.62,21.6,549.46,2388.13,9065.07,1.3,47.79,516.07,2388.16,8148.26,8.567,0.03,393,2388,100.0,38.21,23.004
3,123,-0.0055,0.0004,100.0,518.67,642.16,1597.19,1411.57,14.62,21.6,548.76,2388.27,9072.52,1.3,47.8,516.23,2388.11,8130.48,8.6,0.03,394,2388,100.0,38.21,22.9012
3,124,-0.003,0.0,100.0,518.67,642.33,1592.76,1406.45,14.62,21.6,549.47,2388.18,9061.41,1.3,47.96,516.96,2388.11,8124.4,8.592,0.03,395,2388,100.0,38.28,22.9257
3,125,0.002,0.0002,100.0,518.67,641.86,1593.53,1407.16,14.62,21.6,548.26,2388.19,9065.1,1.3,47.9,516.56,2388.17,8138.6,8.597,0.03,395,2388,100.0,38.24,22.9446
3,126,-0.0003,0.0002,100.0,518.67,641.96,1592.28,1420.55,14.62,21.6,547.91,2388.24,9066.43,1.3,47.95,516.14,2388.2,8144.71,8.574,0.03,396,2388,100.0,38.29,22.9541
3,127,0.0006,-0.0,100.0,518.67,642.07,1591.75,1409.77,14.62,21.6,547.49,2388.17,9064.21,1.3,47.92,515.9,2388.02,8159.54,8.61,0.03,395,2388,100.0,38.41,22.8964
3,128,0.0038,-0.0003,100.0,518.67,642.13,1589.76,1412.93,14.62,21.6,548.19,2388.25,9066.52,1.3,47.85,515.71,2388.18,8132.88,8.606,0.03,396,2388,100.0,38.12,22.9991
3,129,0.0041,0.0001,100.0,518.67,642.23,1596.76,1411.87,14.62,21.6,547.45,2388.22,9069.84,1.3,47.99,516.49,2388.11,8134.42,8.637,0.03,395,2388,100.0,38.27,22.9363
3,130,-0.0016,0.0005,100.0,518.67,641.96,1590.33,1411.27,14.62,21.6,547.8,2388.17,9070.92,1.3,47.84,516.36,2388.22,8150.27,8.575,0.03,395,2388,100.0,38.12,22.9302
3,131,-0.0017,0.0002,100.0,518.67,642.74,1595.28,1405.21,14.62,21.6,548.22,2388.22,9060.25,1.3,47.96,515.26,2388.1,8148.73,8.552,0.03,395,2388,100.0,38.13,23.0223
3,132,-0.0015,-0.0001,100.0,518.67,642.19,1592.15,1413.85,14.62,21.6,548.68,2388.26,9064.85,1.3,47.92,517.01,2388.19,8130.0,8.587,0.03,395,2388,100.0,38.23,22.8698
3,133,-0.0008,0.0005,100.0,518.67,642.26,1586.44,1418.24,14.62,21.6,547.84,2388.26,9059.47,1.3,47.88,516.55,2388.14,8118.71,8.584,0.03,395,2388,100.0,38.33,22.9292
3,134,-0.0008,0.0003,100.0,518.67,642.15,1591.73,1418.09,14.62,21.6,548.01,2388.23,9057.9,1.3,47.88,515.76,2388.14,8156.5,8.594,0.03,396,2388,100.0,38.23,22.9785
3,135,0.0008,0.0,100.0,518.67,642.13,1591.19,1415.6,14.62,21.6,547.67,2388.28,9056.59,1.3,47.9,516.23,2388.17,8140.74,8.596,0.03,395,2388,100.0,38.1,22.9054
3,136,0.0032,-0.0002,100.0,518.67,642.06,1592.49,1413.33,14.62,21.6,548.21,2388.24,9072.9,1.3,47.82,515.51,2388.14,8146.86,8.566,0.03,396,2388,100.0,38.31,22.8707
3,137,-0.001,-0.0002,100.0,518.67,642.81,1592.89,1420.49,14.62,21.6,547.28,2388.2,9060.07,1.3,47.93,515.29,2388.11,8155.38,8.628,0.03,396,2388,100.0,38.25,22.922
3,138,-0.001,-0.0003,100.0,518.67,642.25,1590.73,1409.9,14.62,21.6,548.97,2388.25,9075.81,1.3,47.94,514.93,2388.18,8148.4,8.595,0.03,395,2388,100.0,38.28,22.8652
3,139,-0.0015,-0.0003,100.0,518.67,642.19,1591.05,1411.24,14.62,21.6,547.63,2388.16,9067.78,1.3,48.14,515.63,2388.23,8157.66,8.617,0.03,395,2388,100.0,38.2,22.9499
3,140,-0.0008,-0.0006,100.0,518.67,642.3,1590.99,1410.23,14.62,21.6,547.69,2388.16,9068.53,1.3,48.11,514.96,2388.22,8123.01,8.659,0.03,395,2388,100.0,38.21,22.8143
3,141,-0.0001,0.0001,100.0,518.67,642.16,1592.76,1410.39,14.62,21.6,547.72,2388.31,9063.12,1.3,47.93,515.89,2388.08,8127.25,8.63,0.03,394,2388,100.0,38.05,22.9996
3,142,-0.0028,0.0001,100.0,518.67,642.21,1586.09,1413.21,14.62,21.6,547.87,2388.28,9064.35,1.3,48.09,515.1,2388.09,8126.33,8.554,0.03,396,2388,100.0,38.06,22.9171
3,143,-0.0005,-0.0,100.0,518.67,642.54,1593.27,1416.83,14.62,21.6,547.52,2388.35,9056.04,1.3,48.17,515.74,2388.14,8161.54,8.544,0.03,395,2388,100.0,38.08,22.9212
3,144,-0.0022,0.0001,100.0,518.67,642.16,1593.22,1416.04,14.62,21.6,546.91,2388.38,9063.8,1.3,47.72,514.95,2388.1,8151.98,8.611,0.03,396,2388,100.0,38.15,22.8838
3,145,-0.0007,-0.0,100.0,518.67,642.42,1595.73,1416.58,14.62,21.6,548.05,2388.26,9070.69,1.3,48.16,515.0,2388.12,8127.92,8.608,0.03,394,2388,100.0,38.21,22.8895
3,146,0.0023,-0.0002,100.0,518.67,642.17,1598.15,1420.21,14.62,21.6,547.58,2388.26,9070.93,1.3,47.98,515.93,2388.07,8137.18,8.617,0.03,396,2388,100.0,38.27,22.9521
3,147,-0.0006,0.0004,100.0,518.67,642.05,1597.65,1422.02,14.62,21.6,547.49,2388.23,9055.84,1.3,48.06,514.69,2388.12,8128.03,8.591,0.03,395,2388,100.0,38.18,22.8594
3,148,0.0021,-0.0001,100.0,518.67,642.04,1595.6,1422.74,14.62,21.6,547.17,2388.17,9066.43,1.3,48.06,515.02,2388.08,8132.2,8.65,0.03,396,2388,100.0,38.08,22.9202
3,149,-0.0024,0.0004,100.0,518.67,642.31,1597.84,1408.12,14.62,21.6,547.34,2388.29,9075.63,1.3,48.04,514.87,2388.21,8141.76,8.582,0.03,395,2388,100.0,38.03,22.8583
3,150,0.0022,0.0001,100.0,518.67,642.12,1597.47,1411.75,14.62,21.6,547.19,2388.29,9055.82,1.3,47.93,514.31,2388.15,8157.11,8.594,0.03,395,2388,100.0,38.22,22.9344
3,151,-0.0002,0.0002,100.0,518.67,642.0,1599.26,1423.78,14.62,21.6,546.0,2388.23,9073.46,1.3,47.99,515.73,2388.2,8134.18,8.612,0.03,395,2388,100.0,38.13,22.8505
3,152,0.0023,0.0006,100.0,518.67,641.92,1589.42,1414.3,14.62,21.6,547.23,2388.29,9080.63,1.3,48.08,514.96,2388.07,8143.05,8.614,0.03,396,2388,100.0,38.08,22.8537
3,153,-0.003,-0.0007,100.0,518.67,642.0,1590.55,1416.73,14.62,21.6,546.84,2388.21,9042.94,1.3,48.25,514.52,2388.15,8125.36,8.643,0.03,396,2388,100.0,38.06,22.853
3,154,0.0034,-0.0,100.0,518.67,642.25,1592.5,1407.91,14.62,21.6,547.31,2388.31,9050.94,1.3,47.91,514.69,2388.17,8141.16,8.611,0.03,396,2388,100.0,38.05,22.9165
3,155,0.0009,-0.0001,100.0,518.67,642.7,1600.06,1419.32,14.62,21.6,548.02,2388.3,9085.1,1.3,48.23,515.73,2388.22,8159.17,8.676,0.03,396,2388,100.0,37.99,22.8517
3,156,0.0008,0.0,100.0,518.67,642.0,1590.56,1412.72,14.62,21.6,547.98,2388.31,9077.63,1.3,48.06,514.03,2388.15,8139.97,8.603,0.03,396,2388,100.0,38.15,22.9069
3,157,-0.0006,-0.0006,100.0,518.67,642.19,1595.66,1420.68,14.62,21.6,547.29,2388.28,9069.65,1.3,48.2,514.53,2388.15,8143.01,8.6,0.03,396,2388,100.0,38.05,22.8728
3,158,-0.0002,0.0001,100.0,518.67,642.21,1594.57,1416.27,14.62,21.6,546.94,2388.35,9061.49,1.3,48.07,514.03,2388.2,8129.86,8.612,0.03,395,2388,100.0,38.13,22.831
3,159,-0.0012,0.0004,100.0,518.67,642.4,1593.98,1414.99,14.62,21.6,546.75,2388.23,9064.06,1.3,48.02,514.48,2388.11,8129.83,8.597,0.03,396,2388,100.0,38.07,22.8455
3,160,0.0025,0.0004,100.0,518.67,642.27,1593.83,1412.63,14.62,21.6,546.73,2388.25,9063.16,1.3,47.99,514.9,2388.11,8155.35,8.607,0.03,395,2388,100.0,37.99,22.8525
3,161,-0.0007,-0.0,100.0,518.67,642.72,1596.33,1413.01,14.62,21.6,547.16,2388.33,9072.04,1.3,48.19,515.01,2388.25,8120.1,8.645,0.03,396,2388,100.0,37.98,22.806
3,162,-0.0017,-0.0002,100.0,518.67,642.24,1596.59,1419.75,14.62,21.6,546.26,2388.23,9080.44,1.3,48.19,514.71,2388.2,8143.22,8.642,0.03,395,2388,100.0,38.11,22.772
3,163,-0.0014,-0.0002,100.0,518.67,642.27,1593.15,1414.26,14.62,21.6,547.04,2388.27,9056.39,1.3,48.0,514.79,2388.15,8135.3,8.625,0.03,396,2388,100.0,37.97,22.8722
3,164,-0.0016,-0.0,100.0,518.67,642.37,1594.41,1412.4,14.62,21.6,547.65,2388.21,9083.69,1.3,48.08,514.6,2388.13,8134.49,8.614,0.03,395,2388,100.0,38.06,22.8215
3,165,0.0037,-0.0003,100.0,518.67,642.41,1596.8,1412.31,14.62,21.6,546.39,2388.15,9075.56,1.3,47.98,514.02,2388.22,8139.66,8.658,0.03,397,2388,100.0,38.02,22.8788
3,166,-0.0015,0.0007,100.0,518.67,642.22,1599.21,1420.07,14.62,21.6,546.18,2388.27,9053.17,1.3,48.16,514.68,2388.19,8108.23,8.594,0.03,395,2388,100.0,38.09,22.8508
3,167,-0.0003,0.0002,100.0,518.67,642.14,1598.03,1418.69,14.62,21.6,546.43,2388.37,9074.47,1.3,48.01,514.59,2388.22,8136.94,8.666,0.03,396,2388,100.0,37.87,22.8485
3,168,-0.0008,0.0002,100.0,518.67,642.64,1596.85,1423.55,14.62,21.6,546.87,2388.32,9069.87,1.3,48.24,514.13,2388.17,8128.33,8.642,0.03,396,2388,100.0,38.15,22.8703
3,169,-0.0006,-0.0004,100.0,518.67,642.52,1599.66,1420.02,14.62,21.6,546.32,2388.26,9064.88,1.3,48.14,514.35,2388.2,8142.61,8.632,0.03,395,2388,100.0,38.13,22.8318
3,170,-0.0003,-0.0002,100.0,518.67,642.09,1600.32,1419.31,14.62,21.6,546.86,2388.33,9071.89,1.3,48.36,514.46,2388.12,8148.63,8.645,0.03,395,2388,100.0,38.09,22.7418
3,171,0.002,-0.0003,100.0,518.67,642.19,1596.12,1418.93,14.62,21.6,545.91,2388.26,9061.95,1.3,48.13,514.85,2388.19,8154.64,8.682,0.03,395,2388,100.0,38.03,22.9309
3,172,0.0029,-0.0005,100.0,518.67,642.54,1596.53,1420.6,14.62,21.6,545.81,2388.25,9066.56,1.3,48.27,513.68,2388.16,8122.95,8.67,0.03,397,2388,100.0,38.01,22.8047
3,173,0.0009,0.0004,100.0,518.67,642.55,1594.51,1410.92,14.62,21.6,546.31,2388.26,9072.82,1.3,48.09,513.71,2388.13,8163.25,8.668,0.03,397,2388,100.0,38.07,22.7953
3,174,0.0026,-0.0,100.0,518.67,642.51,1596.54,1405.71,14.62,21.6,546.52,2388.31,9070.89,1.3,48.19,513.9,2388.23,8128.9,8.649,0.03,396,2388,100.0,38.01,22.8325
3,175,-0.002,-0.0003,100.0,518.67,642.53,1598.77,1410.1,14.62,21.6,545.85,2388.28,9060.79,1.3,48.07,514.64,2388.2,8140.07,8.641,0.03,396,2388,100.0,38.06,22.8074
3,176,0.0022,0.0003,100.0,518.67,642.58,1596.96,1420.33,14.62,21.6,546.77,2388.34,9063.49,1.3,48.04,513.77,2388.25,8125.83,8.658,0.03,396,2388,100.0,38.11,22.8174
3,177,-0.0027,-0.0003,100.0,518.67,642.19,1595.25,1417.07,14.62,21.6,546.97,2388.23,9082.52,1.3,48.34,514.53,2388.16,8148.94,8.609,0.03,397,2388,100.0,38.0,22.7851
3,178,-0.0024,-0.0007,100.0,518.67,642.23,1600.27,1416.29,14.62,21.6,546.44,2388.39,9082.48,1.3,48.07,513.07,2388.32,8172.14,8.654,0.03,395,2388,100.0,38.08,22.7974
3,179,-0.0002,0.0003,100.0,518.67,642.58,1593.44,1416.7,14.62,21.6,546.31,2388.31,9079.47,1.3,48.15,514.09,2388.03,8139.6,8.673,0.03,396,2388,100.0,37.96,22.7479
4,1,0.002,0.0002,100.0,518.67,641.21,1579.88,1399.45,14.62,21.6,553.79,2387.97,9047.35,1.3,47.32,520.01,2388.09,8135.89,8.4,0.03,393,2388,100.0,38.78,23.2641
4,2,-0.0002,0.0004,100.0,518.67,641.0,1586.48,1397.83,14.62,21.6,554.92,2388.05,9049.58,1.3,47.3,521.21,2388.03,8143.5,8.436,0.03,392,2388,100.0,38.94,23.2756
4,3,-0.0018,-0.0001,100.0,518.67,641.0,1580.21,1403.73,14.62,21.6,555.5,2388.08,9048.26,1.3,47.22,521.04,2387.97,8132.55,8.4,0.03,392,2388,100.0,38.9,23.2264
4,4,0.0001,0.0,100.0,518.67,641.06,1584.61,1404.93,14.62,21.6,553.97,2388.07,9049.83,1.3,47.25,520.8,2388.07,8127.22,8.444,0.03,392,2388,100.0,38.81,23.3234
4,5,-0.0006,0.0002,100.0,518.67,640.36,1585.33,1398.64,14.62,21.6,553.46,2387.98,9050.2,1.3,47.05,520.97,2388.07,8133.77,8.431,0.03,393,2388,100.0,38.98,23.3803
4,6,-0.001,-0.0002,100.0,518.67,641.24,1587.51,1403.67,14.62,21.6,553.75,2388.03,9042.86,1.3,47.51,520.61,2387.99,8126.32,8.389,0.03,392,2388,100.0,38.83,23.2158
4,7,-0.0016,0.0006,100.0,518.67,641.24,1588.22,1405.38,14.62,21.6,552.64,2387.95,9044.39,1.3,47.18,520.59,2387.99,8133.19,8.41,0.03,392,2388,100.0,38.69,23.2318
4,8,-0.0011,-0.0001,100.0,518.67,640.78,1584.04,1396.24,14.62,21.6,553.02,2387.97,9040.46,1.3,47.22,520.27,2388.05,8135.51,8.408,0.03,392,2388,100.0,38.89,23.3134
4,9,0.0003,0.0005,100.0,518.67,641.19,1588.31,1401.39,14.62,21.6,553.14,2387.99,9053.84,1.3,47.29,520.92,2388.06,8113.61,8.383,0.03,392,2388,100.0,38.8,23.4451
4,10,0.001,-0.0,100.0,518.67,640.95,1584.19,1401.07,14.62,21.6,553.3,2388.0,9061.92,1.3,47.43,520.76,2387.94,8137.26,8.46,0.03,393,2388,100.0,38.91,23.3447
4,11,0.0001,0.0002,100.0,518.67,640.92,1586.58,1406.37,14.62,21.6,553.02,2388.02,9049.47,1.3,47.34,520.37,2388.1,8115.4,8.452,0.03,392,2388,100.0,38.7,23.2828
4,12,-0.0005,-0.0003,100.0,518.67,640.67,1585.74,1405.05,14.62,21.6,553.53,2388.04,9051.18,1.3,47.08,519.85,2388.0,8129.02,8.441,0.03,393,2388,100.0,38.89,23.2542
4,13,-0.0028,0.0001,100.0,518.67,641.23,1578.66,1397.9,14.62,21.6,553.52,2387.98,9051.21,1.3,47.24,520.44,2387.98,8123.36,8.385,0.03,393,2388,100.0,38.88,23.2271
4,14,0.003,-0.0001,100.0,518.67,641.49,1583.96,1393.23,14.62,21.6,553.56,2388.02,9046.49,1.3,47.27,520.23,2388.0,8141.21,8.424,0.03,393,2388,100.0,38.81,23.2459
4,15,-0.0023,-0.0001,100.0,518.67,640.29,1584.18,1401.1,14.62,21.6,553.2,2388.04,9034.31,1.3,47.27,519.6,2387.96,8128.94,8.458,0.03,393,2388,100.0,38.83,23.2593
4,16,-0.0014,-0.0002,100.0,518.67,641.23,1581.86,1403.9,14.62,21.6,553.82,2388.07,9038.48,1.3,47.21,519.98,2387.93,8118.88,8.494,0.03,393,2388,100.0,38.98,23.2991
4,17,-0.0015,-0.0001,100.0,518.67,641.28,1587.39,1399.31,14.62,21.6,555.25,2388.02,9049.37,1.3,47.3,520.25,2388.02,8146.79,8.419,0.03,391,2388,100.0,38.81,23.2318
4,18,0.0028,0.0004,100.0,518.67,641.17,1582.31,1396.81,14.62,21.6,553.44,2388.01,9048.25,1.3,47.22,520.32,2387.9,8118.21,8.405,0.03,393,2388,100.0,38.75,23.2614
4,19,0.0005,0.0004,100.0,518.67,641.47,1586.03,1399.91,14.62,21.6,553.05,2388.01,9056.64,1.3,47.36,520.59,2388.08,8153.86,8.429,0.03,393,2388,100.0,38.78,23.309
4,20,0.0021,0.0003,100.0,518.67,641.18,1584.26,1396.33,14.62,21.6,554.07,2388.02,9058.61,1.3,47.42,520.12,2388.09,8096.68,8.39,0.03,392,2388,100.0,38.74,23.2639
4,21,0.0006,0.0001,100.0,518.67,641.32,1583.48,1397.13,14.62,21.6,552.73,2387.95,9060.22,1.3,47.49,521.0,2388.03,8139.18,8.469,0.03,392,2388,100.0,38.89,23.2582
4,22,0.0018,0.0001,100.0,518.67,641.5,1587.07,1396.16,14.62,21.6,552.5,2388.1,9051.84,1.3,47.47,520.75,2388.04,8137.85,8.442,0.03,391,2388,100.0,38.8,23.186
4,23,0.0003,-0.0003,100.0,518.67,640.89,1591.28,1406.47,14.62,21.6,553.14,2388.02,9057.24,1.3,47.23,520.65,2388.01,8126.79,8.431,0.03,392,2388,100.0,38.82,23.2123
4,24,0.0009,0.0004,100.0,518.67,641.01,1586.13,1404.13,14.62,21.6,553.26,2388.07,9061.46,1.3,47.25,519.64,2388.01,8120.29,8.449,0.03,392,2388,100.0,38.97,23.3013
4,25,0.0,0.0003,100.0,518.67,640.79,1594.16,1400.02,14.62,21.6,551.83,2388.06,9044.06,1.3,47.35,519.8,2387.97,8122.33,8.44,0.03,392,2388,100.0,38.72,23.267
4,26,0.0052,0.0001,100.0,518.67,640.98,1585.55,1402.6,14.62,21.6,553.44,2388.05,9060.29,1.3,47.3,520.7,2388.02,8120.41,8.5,0.03,391,2388,100.0,38.72,23.1999
4,27,0.005,0.0005,100.0,518.67,641.59,1585.72,1412.28,14.62,21.6,553.44,2388.05,9052.75,1.3,47.31,519.9,2388.06,8136.55,8.435,0.03,394,2388,100.0,38.53,23.2541
4,28,0.0014,0.0003,100.0,518.67,641.21,1587.4,1406.61,14.62,21.6,552.63,2388.06,9066.69,1.3,47.07,519.62,2388.1,8145.33,8.453,0.03,392,2388,100.0,38.7,23.1964
4,29,0.0031,-0.0002,100.0,518.67,641.26,1584.58,1406.13,14.62,21.6,552.71,2387.96,9040.47,1.3,47.35,519.26,2388.14,8107.56,8.414,0.03,393,2388,100.0,38.73,23.1681
4,30,-0.0019,-0.0003,100.0,518.67,641.17,1592.76,1403.17,14.62,21.6,553.03,2388.1,9031.09,1.3,47.32,520.54,2388.0,8153.53,8.484,0.03,392,2388,100.0,38.72,23.17
4,31,-0.0013,-0.0004,100.0,518.67,641.35,1582.6,1405.37,14.62,21.6,551.69,2388.13,9057.72,1.3,47.46,519.47,2388.06,8145.98,8.438,0.03,394,2388,100.0,38.76,23.275
4,32,0.0006,0.0002,100.0,518.67,640.84,1588.14,1400.11,14.62,21.6,553.69,2388.04,9045.7,1.3,47.32,519.16,2388.11,8124.19,8.458,0.03,394,2388,100.0,38.71,23.2419
4,33,-0.0021,0.0007,100.0,518.67,641.5,1586.52,1400.05,14.62,21.6,552.4,2388.15,9044.04,1.3,47.39,519.77,2388.03,8131.32,8.44,0.03,393,2388,100.0,38.79,23.2336
4,34,-0.0061,0.0001,100.0,518.67,640.86,1589.1,1409.14,14.62,21.6,552.4,2388.02,9063.84,1.3,47.39,520.6,2388.06,8135.61,8.447,0.03,393,2388,100.0,38.6,23.2143
4,35,-0.0001,0.0002,100.0,518.67,641.23,1584.11,1403.36,14.62,21.6,551.36,2388.09,9058.71,1.3,47.45,520.36,2388.0,8115.6,8.444,0.03,392,2388,100.0,38.67,23.2034
4,36,-0.0012,-0.0006,100.0,518.67,641.18,1583.88,1404.36,14.62,21.6,553.14,2388.14,9059.63,1.3,47.19,520.42,2388.12,8133.08,8.487,0.03,392,2388,100.0,38.58,23.1667
4,37,0.0035,-0.0004,100.0,518.67,641.29,1587.45,1401.47,14.62,21.6,552.48,2388.03,9042.93,1.3,47.42,520.17,2388.08,8123.22,8.411,0.03,393,2388,100.0,38.85,23.2344
4,38,0.0014,0.0003,100.0,518.67,641.41,1587.77,1406.27,14.62,21.6,551.54,2388.1,9064.33,1.3,47.26,520.0,2388.12,8132.99,8.426,0.03,393,2388,100.0,38.68,23.1686
4,39,0.0009,-0.0005,100.0,518.67,640.95,1587.53,1403.63,14.62,21.6,553.47,2388.07,9059.33,1.3,47.28,519.94,2388.01,8133.95,8.448,0.03,394,2388,100.0,38.61,23.0827
4,40,-0.0004,0.0001,100.0,518.67,641.36,1591.24,1405.56,14.62,21.6,550.91,2388.05,9062.88,1.3,47.36,519.53,2388.06,8120.99,8.472,0.03,394,2388,100.0,38.7,23.1377
4,41,-0.0001,-0.0007,100.0,518.67,641.41,1588.96,1410.61,14.62,21.6,552.51,2388.02,9051.92,1.3,47.22,519.38,2388.03,8136.84,8.436,0.03,393,2388,100.0,38.68,23.175
4,42,0.0002,0.0,100.0,518.67,641.52,1587.3,1402.6,14.62,21.6,551.79,2388.05,9071.14,1.3,47.3,519.31,2388.03,8130.37,8.446,0.03,393,2388,100.0,38.56,23.2407
4,43,0.0013,-0.0004,100.0,518.67,640.77,1584.8,1403.12,14.62,21.6,552.51,2387.98,9049.49,1.3,47.42,519.53,2387.98,8131.79,8.435,0.03,392,2388,100.0,38.72,23.2249
4,44,0.0017,0.0002,100.0,518.67,641.22,1589.94,1405.43,14.62,21.6,551.77,2388.04,9055.71,1.3,47.75,519.52,2388.02,8123.5,8.443,0.03,395,2388,100.0,38.66,23.2289
4,45,-0.0008,0.0001,100.0,518.67,641.56,1586.14,1401.72,14.62,21.6,552.69,2388.11,9061.54,1.3,47.5,520.34,2388.05,8140.5,8.416,0.03,392,2388,100.0,38.59,23.2447
4,46,-0.0051,-0.0001,100.0,518.67,640.62,1585.43,1402.42,14.62,21.6,552.29,2388.03,9063.88,1.3,47.45,519.32,2387.99,8121.77,8.436,0.03,393,2388,100.0,38.69,23.2555
4,47,0.0008,-0.0008,100.0,518.67,641.44,1583.63,1400.61,14.62,21.6,551.61,2388.01,9057.1,1.3,47.27,519.44,2388.16,8117.78,8.454,0.03,391,2388,100.0,38.65,23.2078
4,48,0.0014,0.0,100.0,518.67,641.6,1595.69,1411.42,14.62,21.6,551.1,2388.06,9048.01,1.3,47.51,518.63,2388.05,8143.87,8.46,0.03,392,2388,100.0,38.77,23.0791
4,49,-0.0007,-0.0,100.0,518.67,641.39,1588.65,1407.11,14.62,21.6,551.71,2388.06,9050.81,1.3,47.56,518.86,2388.09,8134.12,8.449,0.03,394,2388,100.0,38.61,23.2023
4,50,0.0004,-0.0002,100.0,518.67,641.53,1589.81,1409.39,14.62,21.6,552.18,2388.02,9075.41,1.3,47.28,519.62,2388.07,8119.88,8.462,0.03,393,2388,100.0,38.77,23.1321
4,51,-0.0005,-0.0007,100.0,518.67,641.84,1585.03,1406.16,14.62,21.6,551.78,2388.12,9069.31,1.3,47.5,519.44,2388.07,8146.26,8.454,0.03,394,2388,100.0,38.75,23.2192
4,52,-0.0013,-0.0001,100.0,518.67,641.47,1584.19,1411.33,14.62,21.6,551.97,2388.05,9045.44,1.3,47.4,519.18,2388.09,8136.07,8.479,0.03,393,2388,100.0,38.69,23.2366
4,53,0.0014,0.0002,100.0,518.67,641.49,1583.86,1400.87,14.62,21.6,551.75,2388.11,9069.58,1.3,47.57,519.67,2388.06,8124.52,8.468,0.03,392,2388,100.0,38.77,23.1993
4,54,0.001,0.0004,100.0,518.67,640.92,1590.19,1399.9,14.62,21.6,551.53,2388.12,9058.11,1.3,47.66,518.7,2388.09,8136.23,8.422,0.03,392,2388,100.0,38.63,23.2128
4,55,0.0009,-0.0004,100.0,518.67,641.4,1594.55,1405.68,14.62,21.6,551.97,2388.13,9052.75,1.3,47.56,518.8,2388.09,8136.4,8.487,0.03,393,2388,100.0,38.57,23.2018
4,56,-0.0002,0.0001,100.0,518.67,641.37,1591.25,1402.9,14.62,21.6,552.1,2388.15,9052.33,1.3,47.75,519.08,2388.01,8138.87,8.463,0.03,394,2388,100.0,38.63,23.1556
4,57,-0.0018,0.0003,100.0,518.67,641.16,1585.29,1406.9,14.62,21.6,551.38,2388.13,9065.22,1.3,47.61,518.73,2388.01,8108.03,8.468,0.03,394,2388,100.0,38.54,23.1842
4,58,-0.0019,0.0,100.0,518.67,641.64,1586.7,1406.21,14.62,21.6,551.97,2388.1,9057.2,1.3,47.71,519.18,2388.03,8133.57,8.474,0.03,393,2388,100.0,38.83,23.1651
4,59,-0.0041,-0.0002,100.0,518.67,640.99,1587.76,1397.67,14.62,21.6,550.59,2388.11,9056.87,1.3,47.55,518.76,2387.99,8140.84,8.536,0.03,394,2388,100.0,38.58,23.0725
4,60,-0.0018,0.0001,100.0,518.67,641.74,1589.59,1408.91,14.62,21.6,551.76,2388.06,9058.38,1.3,47.41,518.79,2388.08,8154.91,8.44,0.03,394,2388,100.0,38.73,23.1792
4,61,0.0017,0.0002,100.0,518.67,641.81,1585.61,1400.27,14.62,21.6,550.12,2388.16,9066.87,1.3,47.47,518.56,2388.06,8135.47,8.485,0.03,394,2388,100.0,38.6,23.1858
4,62,0.0009,-0.0002,100.0,518.67,641.83,1584.86,1405.54,14.62,21.6,550.94,2388.11,9061.56,1.3,47.42,518.67,2388.06,8128.3,8.551,0.03,393,2388,100.0,38.69,23.1163
4,63,-0.0022,0.0,100.0,518.67,641.66,1591.76,1412.25,14.62,21.6,551.48,2388.07,9060.96,1.3,47.5,519.13,2388.0,8163.42,8.509,0.03,392,2388,100.0,38.54,23.1741
4,64,0.0024,-0.0004,100.0,518.67,641.69,1583.22,1405.74,14.62,21.6,550.96,2388.03,9058.62,1.3,47.46,518.94,2388.02,8125.81,8.424,0.03,393,2388,100.0,38.58,23.0713
4,65,0.0004,0.0003,100.0,518.67,641.46,1589.93,1407.28,14.62,21.6,552.48,2388.08,9062.82,1.3,47.64,518.52,2388.1,8138.11,8.443,0.03,393,2388,100.0,38.54,23.105
4,66,-0.0026,0.0003,100.0,518.67,641.92,1592.12,1411.37,14.62,21.6,550.82,2388.07,9062.84,1.3,47.58,518.52,2388.13,8140.1,8.462,0.03,393,2388,100.0,38.64,23.1775
4,67,0.0011,0.0006,100.0,518.67,641.94,1590.58,1403.03,14.62,21.6,550.93,2388.14,9072.41,1.3,47.61,519.1,2388.06,8142.79,8.513,0.03,392,2388,100.0,38.55,23.1702
4,68,0.0005,-0.0004,100.0,518.67,640.93,1588.22,1406.19,14.62,21.6,551.21,2388.13,9063.28,1.3,47.25,517.82,2388.06,8142.26,8.505,0.03,394,2388,100.0,38.55,23.1037
4,69,-0.0015,0.0002,100.0,518.67,641.32,1591.93,1407.4,14.62,21.6,550.69,2388.04,9052.85,1.3,47.52,517.26,2388.06,8146.57,8.508,0.03,393,2388,100.0,38.58,23.0897
4,70,0.0003,0.0005,100.0,518.67,641.8,1591.01,1404.7,14.62,21.6,550.02,2388.1,9062.82,1.3,47.67,518.74,2388.09,8133.21,8.509,0.03,393,2388,100.0,38.5,23.1179
4,71,0.0003,-0.0005,100.0,518.67,641.68,1591.83,1406.45,14.62,21.6,550.58,2388.09,9055.1,1.3,47.57,518.21,2388.0,8129.08,8.491,0.03,394,2388,100.0,38.74,23.1789
4,72,-0.0016,-0.0002,100.0,518.67,641.53,1594.93,1406.2,14.62,21.6,550.65,2388.15,9063.9,1.3,47.55,518.68,2387.96,8136.96,8.521,0.03,393,2388,100.0,38.49,23.0162
4,73,0.0032,-0.0002,100.0,518.67,641.64,1591.45,1413.0,14.62,21.6,550.59,2388.12,9068.77,1.3,47.56,517.82,2388.0,8121.14,8.522,0.03,393,2388,100.0,38.5,23.0711
4,74,0.0002,-0.0001,100.0,518.67,641.52,1593.75,1413.2,14.62,21.6,551.06,2388.08,9056.63,1.3,47.63,518.15,2388.09,8143.95,8.507,0.03,393,2388,100.0,38.5,23.0322
4,75,-0.0017,0.0006,100.0,518.67,641.4,1586.18,1408.42,14.62,21.6,550.71,2388.19,9063.12,1.3,47.53,518.01,2388.05,8146.45,8.49,0.03,392,2388,100.0,38.54,23.0247
4,76,0.0044,-0.0003,100.0,518.67,641.56,1590.6,1406.08,14.62,21.6,551.04,2388.2,9064.99,1.3,47.79,517.66,2388.1,8137.89,8.511,0.03,395,2388,100.0,38.52,23.0787
4,77,0.0011,-0.0005,100.0,518.67,641.55,1589.49,1403.65,14.62,21.6,550.1,2388.12,9061.31,1.3,47.78,518.14,2388.13,8144.52,8.506,0.03,393,2388,100.0,38.42,23.1016
4,78,-0.0011,0.0003,100.0,518.67,641.81,1589.4,1402.8,14.62,21.6,550.09,2388.09,9051.24,1.3,47.59,518.7,2388.08,8130.87,8.457,0.03,394,2388,100.0,38.47,23.0995
4,79,-0.0007,0.0003,100.0,518.67,641.59,1589.84,1409.47,14.62,21.6,551.19,2388.12,9059.22,1.3,47.55,517.6,2388.06,8127.0,8.524,0.03,393,2388,100.0,38.63,23.1286
4,80,0.0,0.0,100.0,518.67,641.5,1590.89,1411.97,14.62,21.6,549.69,2388.16,9061.91,1.3,47.48,517.67,2388.04,8127.65,8.496,0.03,393,2388,100.0,38.47,23.0505
4,81,-0.0005,0.0001,100.0,518.67,641.56,1593.62,1409.75,14.62,21.6,550.89,2388.16,9055.95,1.3,47.43,518.0,2388.09,8122.97,8.464,0.03,394,2388,100.0,38.5,23.0649
4,82,-0.0002,-0.0003,100.0,518.67,641.54,1591.81,1406.41,14.62,21.6,550.25,2388.08,9061.68,1.3,47.68,517.13,2388.12,8123.16,8.555,0.03,394,2388,100.0,38.41,23.026
4,83,0.0007,-0.0001,100.0,518.67,641.63,1595.11,1405.11,14.62,21.6,551.34,2388.15,9046.81,1.3,47.7,517.34,2388.16,8126.71,8.599,0.03,395,2388,100.0,38.44,23.0814
4,84,0.0015,0.0002,100.0,518.67,641.78,1594.09,1407.51,14.62,21.6,550.24,2388.18,9062.7,1.3,47.68,518.29,2387.99,8140.39,8.518,0.03,395,2388,100.0,38.38,23.1556
4,85,0.0002,0.0001,100.0,518.67,642.09,1592.08,1409.7,14.62,21.6,550.11,2388.13,9054.17,1.3,47.64,516.68,2388.11,8135.29,8.502,0.03,394,2388,100.0,38.38,23.1716
4,86,-0.0002,-0.0,100.0,518.67,641.44,1590.53,1413.74,14.62,21.6,550.87,2388.16,9057.14,1.3,47.47,517.71,2388.08,8149.41,8.523,0.03,395,2388,100.0,38.59,23.0497
4,87,-0.0036,0.0004,100.0,518.67,642.03,1586.43,1414.32,14.62,21.6,550.41,2388.22,9070.88,1.3,47.74,518.01,2388.12,8132.1,8.513,0.03,393,2388,100.0,38.46,23.0515
4,88,-0.0013,0.0,100.0,518.67,641.62,1592.09,1401.89,14.62,21.6,550.35,2388.12,9058.86,1.3,47.46,517.92,2388.13,8142.91,8.548,0.03,394,2388,100.0,38.52,23.075
4,89,0.0014,-0.0005,100.0,518.67,641.48,1595.41,1398.63,14.62,21.6,550.94,2388.14,9057.12,1.3,47.69,517.53,2388.1,8128.86,8.551,0.03,395,2388,100.0,38.47,22.9952
4,90,-0.001,-0.0001,100.0,518.67,641.84,1587.69,1405.49,14.62,21.6,550.75,2388.11,9049.81,1.3,48.1,518.06,2388.08,8147.57,8.515,0.03,395,2388,100.0,38.48,23.0665
4,91,-0.0002,-0.0004,100.0,518.67,642.21,1587.95,1403.23,14.62,21.6,549.57,2388.14,9066.09,1.3,47.81,518.04,2388.08,8137.82,8.533,0.03,393,2388,100.0,38.51,22.9864
4,92,0.0041,-0.0001,100.0,518.67,641.68,1588.53,1406.24,14.62,21.6,550.67,2388.07,9072.74,1.3,47.84,517.45,2388.11,8137.12,8.581,0.03,393,2388,100.0,38.47,23.0352
4,93,-0.0029,0.0007,100.0,518.67,641.44,1591.57,1401.89,14.62,21.6,550.32,2388.11,9065.52,1.3,47.66,518.14,2388.17,8130.34,8.525,0.03,394,2388,100.0,38.51,23.0547
4,94,0.0004,-0.0001,100.0,518.67,641.77,1594.86,1411.54,14.62,21.6,550.46,2388.14,9063.49,1.3,47.56,518.15,2387.96,8136.41,8.559,0.03,393,2388,100.0,38.48,23.0173
4,95,-0.0007,0.0003,100.0,518.67,641.8,1584.93,1405.14,14.62,21.6,550.25,2388.24,9074.52,1.3,47.66,518.73,2388.1,8125.99,8.507,0.03,392,2388,100.0,38.58,23.1284
4,96,-0.002,-0.0001,100.0,518.67,641.79,1588.21,1402.12,14.62,21.6,549.74,2388.13,9062.96,1.3,47.89,517.29,2388.11,8146.34,8.544,0.03,394,2388,100.0,38.45,23.0734
4,97,-0.0023,0.0004,100.0,518.67,642.13,1588.99,1410.01,14.62,21.6,549.57,2388.18,9062.6,1.3,47.52,517.64,2388.05,8148.97,8.508,0.03,394,2388,100.0,38.55,23.0682
4,98,-0.0022,-0.0003,100.0,518.67,641.63,1592.41,1410.77,14.62,21.6,549.15,2388.17,9059.95,1.3,48.0,517.39,2388.19,8123.73,8.482,0.03,393,2388,100.0,38.53,23.1285
4,99,-0.0016,-0.0001,100.0,518.67,641.49,1585.85,1412.3,14.62,21.6,549.82,2388.09,9074.64,1.3,47.66,517.6,2388.03,8135.57,8.54,0.03,394,2388,100.0,38.44,23.0628
4,100,-0.0023,0.0001,100.0,518.67,641.82,1592.04,1409.81,14.62,21.6,548.98,2388.05,9068.18,1.3,47.84,517.72,2388.12,8112.34,8.501,0.03,394,2388,100.0,38.43,23.0243
4,101,0.0007,0.0,100.0,518.67,641.83,1589.5,1413.55,14.62,21.6,548.93,2388.12,9058.97,1.3,47.86,517.24,2388.1,8123.03,8.557,0.03,394,2388,100.0,38.41,23.1068
4,102,0.001,-0.0005,100.0,518.67,641.37,1591.28,1404.86,14.62,21.6,549.71,2388.17,9056.22,1.3,47.97,518.64,2388.09,8142.33,8.538,0.03,394,2388,100.0,38.35,22.9759
4,103,-0.0023,0.0001,100.0,518.67,641.69,1583.8,1411.59,14.62,21.6,550.45,2388.18,9050.16,1.3,47.46,516.83,2388.08,8149.49,8.536,0.03,395,2388,100.0,38.3,23.0758
4,104,0.0014,-0.0006,100.0,518.67,642.16,1591.88,1411.47,14.62,21.6,550.36,2388.11,9068.76,1.3,47.86,516.66,2388.21,8141.03,8.557,0.03,393,2388,100.0,38.57,22.9636
4,105,0.002,-0.0003,100.0,518.67,641.68,1594.03,1414.11,14.62,21.6,550.21,2388.22,9054.72,1.3,47.96,516.38,2388.08,8144.08,8.513,0.03,394,2388,100.0,38.42,23.0129
4,106,0.0017,-0.0001,100.0,518.67,641.9,1595.17,1413.26,14.62,21.6,548.82,2388.19,9055.31,1.3,47.59,517.04,2388.07,8147.9,8.565,0.03,393,2388,100.0,38.33,22.9466
4,107,-0.0009,0.0001,100.0,518.67,641.79,1590.02,1415.39,14.62,21.6,550.21,2388.14,9061.83,1.3,47.7,517.81,2388.05,8138.63,8.557,0.03,393,2388,100.0,38.32,23.0095
4,108,-0.0018,-0.0002,100.0,518.67,641.77,1593.81,1408.91,14.62,21.6,548.83,2388.11,9077.98,1.3,47.69,516.34,2388.03,8151.47,8.533,0.03,394,2388,100.0,38.37,23.0649
4,109,-0.0004,0.0007,100.0,518.67,641.9,1595.11,1413.6,14.62,21.6,549.03,2388.19,9066.77,1.3,47.7,517.05,2388.18,8163.49,8.57,0.03,396,2388,100.0,38.33,23.0467
4,110,0.0027,-0.0003,100.0,518.67,641.75,1597.2,1406.58,14.62,21.6,550.26,2388.23,9066.26,1.3,47.78,516.71,2388.13,8157.69,8.553,0.03,396,2388,100.0,38.3,23.008
4,111,-0.0007,-0.0003,100.0,518.67,641.84,1593.3,1412.67,14.62,21.6,549.58,2388.23,9063.45,1.3,48.01,518.09,2388.14,8126.9,8.53,0.03,395,2388,100.0,38.41,23.0413
4,112,0.0009,0.0,100.0,518.67,641.73,1593.31,1418.09,14.62,21.6,549.58,2388.23,9060.07,1.3,47.73,516.48,2388.11,8133.82,8.584,0.03,394,2388,100.0,38.3,23.1008
4,113,-0.0009,0.0,100.0,518.67,642.01,1588.76,1415.7,14.62,21.6,550.15,2388.15,9063.95,1.3,47.8,516.95,2388.05,8140.3,8.507,0.03,395,2388,100.0,38.19,22.9085
4,114,0.0016,-0.0002,100.0,518.67,641.66,1596.05,1412.17,14.62,21.6,549.07,2388.31,9058.43,1.3,48.03,516.75,2388.04,8144.84,8.56,0.03,394,2388,100.0,38.28,22.9972
4,115,0.0007,-0.0007,100.0,518.67,642.18,1590.82,1405.63,14.62,21.6,549.12,2388.24,9066.89,1.3,47.81,516.66,2388.15,8134.16,8.527,0.03,395,2388,100.0,38.34,22.9974
4,116,0.0022,-0.0,100.0,518.67,641.92,1590.57,1412.77,14.62,21.6,549.63,2388.16,9059.84,1.3,47.92,516.83,2388.08,8154.88,8.502,0.03,395,2388,100.0,38.25,23.0874
4,117,-0.0031,0.0003,100.0,518.67,641.91,1591.33,1411.88,14.62,21.6,548.5,2388.14,9068.82,1.3,47.6,516.37,2388.28,8127.67,8.589,0.03,394,2388,100.0,38.38,23.0232
4,118,0.0023,-0.0001,100.0,518.67,642.43,1590.72,1412.17,14.62,21.6,548.33,2388.17,9065.03,1.3,47.77,517.85,2388.08,8153.52,8.582,0.03,394,2388,100.0,38.27,22.9494
4,119,-0.001,-0.0005,100.0,518.67,641.69,1588.11,1416.72,14.62,21.6,549.43,2388.22,9065.19,1.3,48.02,516.29,2388.13,8148.41,8.518,0.03,397,2388,100.0,38.34,22.9923
4,120,0.0025,0.0003,100.0,518.67,641.96,1593.01,1405.41,14.62,21.6,549.23,2388.21,9073.74,1.3,47.82,515.86,2388.18,8156.76,8.586,0.03,394,2388,100.0,38.41,23.154
4,121,0.0002,-0.0004,100.0,518.67,641.81,1594.56,1405.1,14.62,21.6,549.11,2388.27,9074.57,1.3,47.95,515.44,2388.17,8148.07,8.568,0.03,393,2388,100.0,38.26,22.9216
4,122,-0.004,-0.0,100.0,518.67,641.77,1600.62,1410.94,14.62,21.6,547.89,2388.17,9064.98,1.3,47.73,516.27,2388.12,8136.88,8.617,0.03,395,2388,100.0,38.36,23.0042
4,123,0.0012,-0.0,100.0,518.67,641.9,1593.31,1416.34,14.62,21.6,548.65,2388.23,9062.76,1.3,47.86,516.21,2388.12,8155.86,8.565,0.03,395,2388,100.0,38.2,22.9591
4,124,-0.0005,-0.0002,100.0,518.67,641.99,1591.59,1412.13,14.62,21.6,548.18,2388.18,9065.05,1.3,48.01,516.54,2388.1,8144.63,8.615,0.03,395,2388,100.0,38.35,23.0082
4,125,0.0029,0.0003,100.0,518.67,642.13,1596.14,1407.58,14.62,21.6,548.8,2388.2,9060.2,1.3,47.97,515.44,2388.11,8134.1,8.516,0.03,396,2388,100.0,38.2,22.9399
4,126,0.0018,0.0002,100.0,518.67,641.72,1595.05,1413.16,14.62,21.6,548.91,2388.19,9057.81,1.3,47.77,515.92,2388.2,8140.22,8.584,0.03,396,2388,100.0,38.11,23.0306
4,127,0.0001,0.0001,100.0,518.67,641.8,1590.8,1414.05,14.62,21.6,549.23,2388.26,9063.25,1.3,47.79,515.91,2388.11,8115.45,8.546,0.03,394,2388,100.0,38.28,22.9706
4,128,0.0007,-0.0,100.0,518.67,641.87,1587.24,1409.89,14.62,21.6,548.86,2388.25,9072.41,1.3,47.98,516.19,2388.11,8131.19,8.524,0.03,396,2388,100.0,38.28,22.8991
4,129,-0.0017,-0.0003,100.0,518.67,642.03,1596.39,1410.89,14.62,21.6,548.43,2388.2,9063.22,1.3,47.8,516.33,2388.14,8139.94,8.583,0.03,394,2388,100.0,38.25,23.0277
4,130,0.0011,0.0002,100.0,518.67,642.34,1594.83,1416.09,14.62,21.6,548.62,2388.2,9078.55,1.3,48.01,515.87,2388.16,8142.33,8.586,0.03,394,2388,100.0,38.31,22.9447
4,131,0.0006,-0.0002,100.0,518.67,641.89,1596.84,1408.27,14.62,21.6,548.42,2388.17,9058.17,1.3,47.91,515.4,2388.09,8165.05,8.587,0.03,394,2388,100.0,38.31,22.9818
4,132,0.002,-0.0,100.0,518.67,642.29,1587.27,1408.35,14.62,21.6,548.61,2388.16,9067.44,1.3,47.82,515.97,2388.19,8151.38,8.545,0.03,394,2388,100.0,38.24,22.9495
4,133,-0.0013,0.0003,100.0,518.67,642.14,1594.66,1407.6,14.62,21.6,546.68,2388.25,9072.96,1.3,47.85,516.71,2388.14,8141.3,8.586,0.03,397,2388,100.0,38.37,22.9832
4,134,-0.0018,0.0,100.0,518.67,641.86,1595.97,1413.32,14.62,21.6,548.38,2388.17,9066.81,1.3,47.8,516.05,2388.18,8140.0,8.566,0.03,395,2388,100.0,38.32,22.8901
4,135,0.0005,0.0004,100.0,518.67,642.21,1593.74,1415.42,14.62,21.6,548.74,2388.11,9053.29,1.3,48.04,515.25,2388.16,8136.49,8.549,0.03,395,2388,100.0,38.27,23.0484
4,136,-0.0012,0.0004,100.0,518.67,642.17,1591.65,1416.15,14.62,21.6,548.26,2388.23,9061.05,1.3,47.81,516.34,2388.13,8139.83,8.588,0.03,395,2388,100.0,38.14,23.0045
4,137,0.0002,-0.0001,100.0,518.67,642.2,1594.41,1416.12,14.62,21.6,548.63,2388.29,9073.02,1.3,47.9,515.36,2388.23,8138.02,8.567,0.03,394,2388,100.0,38.27,22.945
4,138,-0.003,0.0001,100.0,518.67,641.97,1601.83,1410.87,14.62,21.6,547.63,2388.28,9063.08,1.3,47.84,516.24,2388.08,8148.45,8.636,0.03,395,2388,100.0,38.29,22.9784
4,139,0.0034,0.0004,100.0,518.67,642.21,1596.54,1409.69,14.62,21.6,547.51,2388.2,9041.52,1.3,47.99,515.53,2388.2,8145.71,8.618,0.03,394,2388,100.0,38.32,23.0376
4,140,0.0015,0.0002,100.0,518.67,642.15,1592.31,1416.38,14.62,21.6,547.82,2388.13,9060.67,1.3,48.02,516.07,2388.15,8143.16,8.529,0.03,395,2388,100.0,38.18,22.8967
4,141,0.0012,-0.0003,100.0,518.67,641.97,1587.69,1412.25,14.62,21.6,548.08,2388.18,9067.25,1.3,47.93,516.61,2388.17,8119.11,8.549,0.03,395,2388,100.0,38.15,22.7786
4,142,0.0027,0.0002,100.0,518.67,642.26,1592.19,1415.23,14.62,21.6,548.11,2388.18,9078.66,1.3,47.75,516.36,2388.15,8135.4,8.593,0.03,396,2388,100.0,38.33,22.94
4,143,-0.0018,0.0,100.0,518.67,642.59,1598.12,1417.25,14.62,21.6,548.37,2388.28,9062.99,1.3,47.78,515.74,2388.11,8128.69,8.568,0.03,397,2388,100.0,38.23,22.9398
4,144,-0.0024,-0.0006,100.0,518.67,641.94,1598.46,1415.05,14.62,21.6,548.35,2388.2,9077.87,1.3,47.88,516.37,2388.17,8119.96,8.568,0.03,394,2388,100.0,38.31,22.9178
4,145,-0.0045,0.0001,100.0,518.67,642.02,1589.75,1420.52,14.62,21.6,547.69,2388.21,9054.77,1.3,47.8,516.27,2388.13,8141.77,8.53,0.03,394,2388,100.0,38.26,22.9353
4,146,0.0035,0.0004,100.0,518.67,642.1,1595.69,1412.64,14.62,21.6,548.51,2388.24,9068.6,1.3,48.16,515.88,2388.23,8115.26,8.607,0.03,395,2388,100.0,38.35,22.9911
4,147,0.0001,0.0005,100.0,518.67,642.61,1594.56,1423.89,14.62,21.6,547.65,2388.28,9064.28,1.3,47.99,516.26,2388.16,8121.33,8.605,0.03,395,2388,100.0,38.27,22.9459
4,148,0.0029,0.0003,100.0,518.67,642.45,1592.39,1417.31,14.62,21.6,547.32,2388.32,9062.83,1.3,47.87,515.67,2388.19,8152.69,8.567,0.03,395,2388,100.0,38.14,22.834
4,149,-0.0019,-0.0002,100.0,518.67,642.31,1597.92,1408.3,14.62,21.6,546.99,2388.27,9062.36,1.3,47.85,515.88,2388.13,8138.03,8.53,0.03,396,2388,100.0,38.26,22.9061
4,150,-0.0031,0.0004,100.0,518.67,642.02,1593.16,1423.53,14.62,21.6,548.1,2388.27,9070.58,1.3,48.03,515.63,2388.17,8141.28,8.644,0.03,394,2388,100.0,38.27,22.9443
4,151,0.0014,0.0003,100.0,518.67,642.18,1588.98,1414.09,14.62,21.6,547.17,2388.18,9063.76,1.3,47.92,514.22,2388.19,8168.63,8.618,0.03,395,2388,100.0,38.18,22.8795
4,152,0.0002,-0.0,100.0,518.67,642.0,1599.7,1408.53,14.62,21.6,547.51,2388.34,9070.42,1.3,47.96,515.25,2388.16,8128.35,8.578,0.03,394,2388,100.0,38.1,22.9026
4,153,0.0006,-0.0006,100.0,518.67,642.18,1596.4,1413.92,14.62,21.6,547.28,2388.22,9062.72,1.3,48.03,516.49,2388.12,8138.33,8.601,0.03,395,2388,100.0,38.26,22.7767
4,154,-0.0011,0.0002,100.0,518.67,642.15,1592.32,1416.43,14.62,21.6,547.61,2388.2,9071.58,1.3,47.96,515.67,2388.24,8110.96,8.607,0.03,394,2388,100.0,38.36,22.8692
4,155,0.0015,-0.0,100.0,518.67,642.03,1592.08,1421.1,14.62,21.6,548.61,2388.25,9070.35,1.3,47.99,515.12,2388.11,8143.31,8.581,0.03,396,2388,100.0,38.18,22.9043
4,156,0.0034,-0.0,100.0,518.67,642.43,1601.06,1420.08,14.62,21.6,547.21,2388.26,9057.61,1.3,48.09,515.36,2388.17,8154.71,8.57,0.03,397,2388,100.0,38.23,22.8838
4,157,-0.0003,0.0001,100.0,518.67,642.63,1595.27,1415.53,14.62,21.6,548.42,2388.23,9068.04,1.3,48.22,515.26,2388.22,8131.52,8.602,0.03,397,2388,100.0,38.1,22.8771
4,158,0.0005,-0.0003,100.0,518.67,642.15,1595.37,1415.23,14.62,21.6,548.24,2388.21,9069.28,1.3,48.12,515.91,2388.2,8146.03,8.629,0.03,396,2388,100.0,38.07,22.8917
4,159,0.0029,-0.0001,100.0,518.67,642.29,1594.37,1405.89,14.62,21.6,547.45,2388.23,9059.27,1.3,47.93,515.49,2388.27,8159.21,8.57,0.03,396,2388,100.0,38.09,22.8503
4,160,-0.0009,0.0002,100.0,518.67,642.51,1594.86,1414.91,14.62,21.6,547.57,2388.31,9058.35,1.3,48.05,514.54,2388.17,8139.98,8.61,0.03,395,2388,100.0,38.02,22.772
4,161,-0.0003,-0.0001,100.0,518.67,642.11,1599.19,1411.9,14.62,21.6,548.16,2388.16,9069.48,1.3,48.0,513.58,2388.1,8152.08,8.674,0.03,396,2388,100.0,38.16,22.873
4,162,0.0034,0.0006,100.0,518.67,642.14,1589.29,1407.04,14.62,21.6,547.11,2388.27,9054.53,1.3,47.96,514.85,2388.18,8138.07,8.583,0.03,395,2388,100.0,38.23,22.8837
4,163,0.0012,-0.0003,100.0,518.67,641.56,1593.78,1412.06,14.62,21.6,549.07,2388.29,9090.86,1.3,48.14,514.65,2388.19,8164.3,8.67,0.03,395,2388,100.0,38.14,22.7973
4,164,0.0016,0.0005,100.0,518.67,642.31,1593.41,1417.06,14.62,21.6,547.11,2388.27,9067.7,1.3,48.2,515.29,2388.12,8130.89,8.609,0.03,396,2388,100.0,38.13,22.834
4,165,0.0005,-0.0001,100.0,518.67,642.53,1596.48,1414.45,14.62,21.6,547.8,2388.23,9072.43,1.3,48.06,515.1,2388.14,8144.42,8.651,0.03,395,2388,100.0,38.01,22.7989
4,166,-0.0023,0.0002,100.0,518.67,641.97,1594.65,1418.28,14.62,21.6,546.74,2388.27,9070.18,1.3,48.05,514.75,2388.29,8152.89,8.694,0.03,395,2388,100.0,38.1,22.7942
4,167,-0.0016,0.0006,100.0,518.67,642.19,1601.36,1410.93,14.62,21.6,546.73,2388.26,9076.82,1.3,48.14,514.61,2388.17,8139.43,8.593,0.03,395,2388,100.0,38.19,22.7668
4,168,0.0032,-0.0001,100.0,518.67,642.14,1597.89,1421.94,14.62,21.6,547.19,2388.32,9055.82,1.3,48.02,514.32,2388.24,8138.73,8.648,0.03,396,2388,100.0,38.03,22.8262
4,169,0.0026,-0.0002,100.0,518.67,642.37,1593.38,1414.84,14.62,21.6,546.38,2388.22,9071.96,1.3,47.98,514.34,2388.13,8142.48,8.652,0.03,397,2388,100.0,38.04,22.9604
4,170,-0.002,0.0003,100.0,518.67,642.17,1593.18,1413.21,14.62,21.6,547.15,2388.3,9062.24,1.3,47.97,514.25,2388.17,8140.97,8.596,0.03,396,2388,100.0,38.27,22.825
4,171,-0.0009,0.0002,100.0,518.67,642.22,1597.86,1413.41,14.62,21.6,546.97,2388.24,9065.2,1.3,48.04,515.35,2388.12,8135.56,8.609,0.03,396,2388,100.0,38.06,22.7731
4,172,-0.0008,-0.0,100.0,518.67,642.21,1597.98,1420.06,14.62,21.6,546.86,2388.16,9066.65,1.3,48.24,514.42,2388.15,8170.98,8.682,0.03,396,2388,100.0,38.17,22.7337
4,173,-0.0016,-0.0001,100.0,518.67,642.31,1594.51,1406.28,14.62,21.6,547.0,2388.35,9063.83,1.3,48.0,513.25,2388.17,8154.54,8.61,0.03,397,2388,100.0,38.06,22.8497
4,174,-0.0027,0.0001,100.0,518.67,641.89,1598.13,1419.47,14.62,21.6,546.02,2388.28,9074.76,1.3,48.18,514.12,2388.06,8147.97,8.626,0.03,395,2388,100.0,38.13,22.8374
4,175,-0.0026,-0.0006,100.0,518.67,642.11,1603.29,1419.56,14.62,21.6,546.48,2388.27,9079.71,1.3,48.06,514.81,2388.17,8167.17,8.654,0.03,397,2388,100.0,38.02,22.8899
4,176,-0.0006,0.0,100.0,518.67,642.81,1593.05,1417.57,14.62,21.6,546.86,2388.26,9087.18,1.3,47.96,515.21,2388.25,8166.78,8.585,0.03,395,2388,100.0,38.18,22.7405
4,177,-0.0032,-0.0001,100.0,518.67,642.45,1601.01,1416.12,14.62,21.6,546.69,2388.3,9074.13,1.3,48.11,513.47,2388.14,8161.09,8.64,0.03,395,2388,100.0,38.15,22.7752
4,178,-0.0005,0.0,100.0,518.67,642.3,1596.6,1416.2,14.62,21.6,546.57,2388.22,9072.04,1.3,48.32,514.27,2388.13,8142.6,8.61,0.03,396,2388,100.0,38.04,22.9146
4,179,0.0023,-0.0,100.0,518.67,642.6,1595.19,1417.18,14.62,21.6,546.88,2388.36,9077.23,1.3,48.27,514.83,2388.22,8130.53,8.688,0.03,397,2388,100.0,38.03,22.8079
4,180,0.0012,0.0002,100.0,518.67,642.38,1592.68,1418.37,14.62,21.6,546.82,2388.3,9068.78,1.3,48.28,514.37,2388.17,8142.12,8.586,0.03,396,2388,100.0,38.1,22.8408
4,181,0.003,-0.0001,100.0,518.67,642.56,1598.87,1426.61,14.62,21.6,545.71,2388.33,9085.99,1.3,48.12,514.72,2388.25,8156.57,8.643,0.03,395,2388,100.0,38.03,22.8441
4,182,0.0018,0.0001,100.0,518.67,642.35,1598.22,1420.77,14.62,21.6,545.79,2388.28,9078.77,1.3,47.98,513.21,2388.27,8150.58,8.659,0.03,395,2388,100.0,38.09,22.8323
4,183,-0.0032,0.0004,100.0,518.67,642.49,1595.43,1415.92,14.62,21.6,546.61,2388.3,9069.75,1.3,48.33,513.53,2388.16,8134.32,8.634,0.03,396,2388,100.0,38.06,22.7985
4,184,-0.0018,0.0005,100.0,518.67,643.06,1597.11,1414.5,14.62,21.6,545.34,2388.28,9065.85,1.3,48.02,514.05,2388.15,8144.76,8.644,0.03,395,2388,100.0,37.99,22.8017
4,185,0.0016,-0.0,100.0,518.67,642.67,1598.5,1419.91,14.62,21.6,545.5,2388.27,9085.64,1.3,48.15,512.74,2388.19,8146.3,8.566,0.03,397,2388,100.0,37.96,22.827
4,186,-0.0005,-0.0004,100.0,518.67,642.21,1594.0,1422.06,14.62,21.6,545.81,2388.25,9081.22,1.3,48.37,514.7,2388.22,8148.24,8.61,0.03,396,2388,100.0,37.96,22.7167
4,187,0.0021,-0.0002,100.0,518.67,642.78,1599.52,1420.04,14.62,21.6,545.72,2388.39,9072.11,1.3,48.23,513.75,2388.15,8150.57,8.654,0.03,395,2388,100.0,37.89,22.7418
4,188,0.0024,-0.0002,100.0,518.67,642.41,1601.29,1413.42,14.62,21.6,545.58,2388.38,9087.83,1.3,48.29,514.43,2388.17,8168.29,8.657,0.03,397,2388,100.0,38.0,22.7892
4,189,0.0033,0.0002,100.0,518.67,642.86,1597.77,1414.61,14.62,21.6,546.06,2388.27,9063.14,1.3,48.36,513.73,2388.21,8148.55,8.632,0.03,397,2388,100.0,37.91,22.8131
5,1,0.0005,-0.0,100.0,518.67,640.68,1587.66,1403.04,14.62,21.6,554.39,2388.02,9039.84,1.3,47.09,521.54,2388.02,8123.28,8.375,0.03,392,2388,100.0,38.86,23.2558
5,2,-0.0035,0.0003,100.0,518.67,641.25,1581.27,1400.68,14.62,21.6,553.78,2387.98,9046.74,1.3,47.47,520.73,2387.96,8120.96,8.433,0.03,391,2388,100.0,38.83,23.3686
5,3,0.0005,0.0001,100.0,518.67,641.55,1585.87,1397.37,14.62,21.6,553.23,2388.07,9054.84,1.3,47.36,521.53,2387.98,8118.83,8.401,0.03,391,2388,100.0,38.9,23.351
5,4,-0.0003,0.0,100.0,518.67,641.0,1587.59,1397.6,14.62,21.6,554.16,2388.05,9053.9,1.3,47.13,520.33,2388.03,8131.92,8.4,0.03,394,2388,100.0,38.81,23.3813
5,5,0.0001,-0.0006,100.0,518.67,640.98,1588.1,1398.87,14.62,21.6,553.75,2387.96,9054.34,1.3,47.32,520.34,2387.97,8139.36,8.379,0.03,391,2388,100.0,38.79,23.3083
5,6,0.0006,-0.0002,100.0,518.67,641.03,1589.85,1396.51,14.62,21.6,554.09,2388.0,9044.81,1.3,47.31,521.26,2387.89,8122.5,8.475,0.03,393,2388,100.0,38.93,23.3475
5,7,0.0,0.0002,100.0,518.67,641.22,1586.93,1399.18,14.62,21.6,553.44,2388.01,9041.22,1.3,47.12,520.68,2387.96,8124.33,8.402,0.03,392,2388,100.0,38.95,23.2638
5,8,0.0027,0.0003,100.0,518.67,641.17,1585.82,1401.81,14.62,21.6,554.5,2388.08,9050.98,1.3,47.3,521.46,2387.97,8126.63,8.408,0.03,393,2388,100.0,38.95,23.2736
5,9,-0.003,0.0001,100.0,518.67,640.82,1580.93,1395.55,14.62,21.6,554.55,2388.01,9052.43,1.3,47.39,519.99,2388.03,8130.36,8.425,0.03,392,2388,100.0,38.8,23.2903
5,10,0.0033,0.0003,100.0,518.67,640.93,1581.42,1393.94,14.62,21.6,553.13,2387.99,9061.39,1.3,47.03,521.49,2387.99,8116.77,8.402,0.03,392,2388,100.0,38.9,23.249
5,11,-0.0038,-0.0001,100.0,518.67,640.72,1586.1,1395.99,14.62,21.6,553.78,2388.0,9052.9,1.3,47.33,520.13,2388.0,8090.66,8.418,0.03,392,2388,100.0,38.78,23.2953
5,12,0.0023,-0.0001,100.0,518.67,640.83,1586.03,1395.46,14.62,21.6,554.38,2388.02,9035.95,1.3,47.01,520.77,2388.05,8111.26,8.425,0.03,393,2388,100.0,39.01,23.2943
5,13,0.001,-0.0006,100.0,518.67,641.6,1583.85,1397.14,14.62,21.6,554.52,2388.12,9052.07,1.3,47.38,520.68,2387.96,8148.45,8.393,0.03,393,2388,100.0,38.96,23.3065
5,14,0.0037,0.0007,100.0,518.67,641.03,1583.2,1393.48,14.62,21.6,553.32,2388.07,9045.21,1.3,47.45,520.29,2387.95,8128.28,8.397,0.03,393,2388,100.0,38.85,23.3054
5,15,-0.0006,-0.0002,100.0,518.67,640.94,1591.8,1401.9,14.62,21.6,553.24,2388.02,9065.99,1.3,47.39,520.15,2388.13,8130.46,8.451,0.03,391,2388,100.0,38.66,23.2017
5,16,-0.0065,0.0006,100.0,518.67,641.14,1582.94,1402.88,14.62,21.6,553.9,2388.08,9048.99,1.3,47.15,521.0,2388.05,8132.1,8.48,0.03,392,2388,100.0,38.77,23.2912
5,17,-0.0013,0.0001,100.0,518.67,640.89,1584.56,1408.7,14.62,21.6,553.02,2388.08,9042.98,1.3,47.17,520.85,2388.06,8145.59,8.393,0.03,393,2388,100.0,38.81,23.2381
5,18,0.0024,-0.0002,100.0,518.67,641.17,1586.27,1396.92,14.62,21.6,553.8,2387.92,9053.69,1.3,47.17,521.08,2387.94,8126.73,8.428,0.03,392,2388,100.0,38.9,23.1906
5,19,0.0033,0.0002,100.0,518.67,641.45,1588.47,1401.22,14.62,21.6,553.1,2388.1,9062.64,1.3,47.19,519.1,2388.0,8127.61,8.41,0.03,393,2388,100.0,38.91,23.3142
5,20,0.0009,-0.0005,100.0,518.67,641.03,1592.8,1402.84,14.62,21.6,553.62,2388.04,9032.57,1.3,47.24,520.46,2388.08,8131.69,8.369,0.03,393,2388,100.0,38.77,23.202
5,21,-0.0017,0.0002,100.0,518.67,641.43,1587.39,1403.93,14.62,21.6,553.44,2388.06,9032.37,1.3,47.29,519.93,2388.07,8129.41,8.42,0.03,391,2388,100.0,38.91,23.2923
5,22,0.0011,-0.0002,100.0,518.67,640.93,1586.65,1398.69,14.62,21.6,552.05,2388.0,9066.17,1.3,47.34,520.51,2388.12,8103.2,8.396,0.03,392,2388,100.0,38.9,23.3029
5,23,-0.0017,0.0003,100.0,518.67,641.03,1589.66,1397.41,14.62,21.6,553.02,2388.08,9047.7,1.3,47.28,520.65,2388.04,8141.93,8.428,0.03,392,2388,100.0,38.8,23.2585
5,24,0.0005,-0.0,100.0,518.67,641.14,1581.52,1404.28,14.62,21.6,553.89,2388.03,9038.06,1.3,47.24,520.28,2388.05,8106.5,8.424,0.03,393,2388,100.0,38.77,23.2591
5,25,-0.0013,-0.0002,100.0,518.67,641.04,1583.98,1404.41,14.62,21.6,552.71,2388.12,9059.73,1.3,47.05,519.97,2388.03,8135.28,8.379,0.03,393,2388,100.0,38.88,23.2776
5,26,0.0027,0.0001,100.0,518.67,641.26,1590.83,1406.14,14.62,21.6,553.61,2388.0,9056.16,1.3,47.36,519.63,2388.01,8134.63,8.411,0.03,393,2388,100.0,38.88,23.2501
5,27,0.0004,0.0004,100.0,518.67,641.27,1586.81,1397.97,14.62,21.6,553.4,2388.09,9052.58,1.3,47.06,519.45,2388.06,8124.66,8.438,0.03,392,2388,100.0,38.8,23.245
5,28,-0.0017,-0.0,100.0,518.67,641.01,1585.13,1400.58,14.62,21.6,553.72,2388.02,9060.48,1.3,47.5,520.7,2388.05,8135.48,8.452,0.03,392,2388,100.0,38.89,23.2787
5,29,-0.0007,0.0003,100.0,518.67,641.18,1585.98,1400.04,14.62,21.6,553.74,2388.08,9055.2,1.3,47.39,520.88,2388.01,8118.23,8.466,0.03,392,2388,100.0,38.75,23.1563
5,30,0.0011,-0.0005,100.0,518.67,640.98,1588.1,1404.9,14.62,21.6,553.03,2387.99,9048.07,1.3,47.35,519.97,2388.01,8114.1,8.462,0.03,393,2388,100.0,38.86,23.3088
5,31,-0.0017,-0.0001,100.0,518.67,640.7,1595.8,1401.48,14.62,21.6,552.34,2388.08,9067.4,1.3,47.31,519.69,2388.02,8105.01,8.428,0.03,393,2388,100.0,38.79,23.2282
5,32,0.0011,0.0002,100.0,518.67,640.76,1586.69,1411.89,14.62,21.6,553.0,2388.13,9061.45,1.3,47.25,520.27,2388.02,8122.81,8.428,0.03,392,2388,100.0,38.8,23.2031
5,33,-0.0026,-0.0,100.0,518.67,641.61,1586.72,1400.88,14.62,21.6,552.92,2388.13,9052.67,1.3,47.41,519.76,2388.05,8135.14,8.429,0.03,392,2388,100.0,38.74,23.2528
5,34,0.0013,-0.0,100.0,518.67,641.26,1586.4,1402.67,14.62,21.6,553.0,2388.17,9055.27,1.3,47.41,520.33,2388.01,8147.42,8.423,0.03,393,2388,100.0,38.76,23.1888
5,35,0.0007,-0.0003,100.0,518.67,641.33,1582.98,1401.07,14.62,21.6,554.65,2387.96,9052.94,1.3,47.48,520.61,2388.07,8128.14,8.473,0.03,393,2388,100.0,38.8,23.247
5,36,-0.0006,-0.0003,100.0,518.67,641.51,1590.54,1398.87,14.62,21.6,552.84,2388.04,9053.46,1.3,47.46,519.69,2387.98,8146.85,8.42,0.03,392,2388,100.0,38.74,23.2166
5,37,0.0031,0.0003,100.0,518.67,641.49,1589.11,1406.26,14.62,21.6,552.78,2387.99,9051.34,1.3,47.43,520.1,2388.09,8118.37,8.449,0.03,392,2388,100.0,38.78,23.2682
5,38,-0.0004,0.0002,100.0,518.67,640.97,1581.7,1404.77,14.62,21.6,552.27,2388.1,9053.46,1.3,47.17,519.45,2388.03,8127.27,8.396,0.03,391,2388,100.0,38.71,23.2391
5,39,-0.0,-0.0002,100.0,518.67,641.27,1589.86,1404.19,14.62,21.6,553.4,2388.0,9051.39,1.3,47.32,519.37,2388.01,8107.28,8.494,0.03,392,2388,100.0,38.9,23.2294
5,40,0.0011,-0.0001,100.0,518.67,641.28,1588.74,1405.33,14.62,21.6,552.59,2388.02,9040.52,1.3,47.42,520.5,2388.11,8135.89,8.414,0.03,391,2388,100.0,38.85,23.1358
5,41,-0.0007,-0.0001,100.0,518.67,641.21,1586.94,1403.3,14.62,21.6,552.79,2387.93,9059.21,1.3,47.28,518.85,2387.99,8125.45,8.474,0.03,393,2388,100.0,38.79,23.2829
5,42,-0.0002,0.0002,100.0,518.67,641.41,1583.01,1408.7,14.62,21.6,553.3,2387.97,9058.24,1.3,47.6,519.8,2388.02,8139.67,8.429,0.03,394,2388,100.0,38.77,23.2059
5,43,-0.0011,-0.0003,100.0,518.67,641.08,1585.87,1400.93,14.62,21.6,553.98,2388.0,9054.69,1.3,47.44,520.2,2388.03,8129.51,8.454,0.03,393,2388,100.0,38.74,23.142
5,44,-0.0009,-0.0003,100.0,518.67,641.08,1587.06,1404.38,14.62,21.6,552.37,2388.09,9056.05,1.3,47.53,520.14,2387.98,8111.78,8.45,0.03,392,2388,100.0,38.67,23.1548
5,45,0.0003,0.0005,100.0,518.67,641.15,1588.78,1402.6,14.62,21.6,553.1,2388.0,9053.85,1.3,47.32,520.28,2387.98,8137.2,8.417,0.03,392,2388,100.0,38.46,23.321
5,46,0.0011,-0.0002,100.0,518.67,640.98,1585.57,1405.95,14.62,21.6,552.55,2388.14,9044.69,1.3,47.38,520.9,2388.07,8134.08,8.458,0.03,392,2388,100.0,38.85,23.1945
5,47,-0.0039,-0.0001,100.0,518.67,641.02,1586.25,1402.11,14.62,21.6,553.02,2388.07,9053.82,1.3,47.24,518.69,2388.04,8142.16,8.44,0.03,392,2388,100.0,38.78,23.2085
5,48,0.0034,0.0004,100.0,518.67,641.51,1589.41,1398.05,14.62,21.6,552.8,2388.08,9057.87,1.3,47.44,521.1,2388.03,8143.91,8.43,0.03,393,2388,100.0,38.81,23.229
5,49,0.0033,-0.0003,100.0,518.67,641.15,1587.82,1406.8,14.62,21.6,553.31,2388.02,9044.88,1.3,47.42,519.69,2388.06,8132.4,8.435,0.03,393,2388,100.0,38.74,23.1937
5,50,-0.0004,-0.0001,100.0,518.67,641.49,1587.81,1412.37,14.62,21.6,552.18,2388.19,9057.4,1.3,47.51,519.99,2388.07,8139.22,8.413,0.03,393,2388,100.0,38.63,23.1983
5,51,-0.0015,0.0001,100.0,518.67,641.37,1588.72,1404.56,14.62,21.6,552.33,2388.1,9062.71,1.3,47.24,518.91,2388.0,8145.39,8.484,0.03,392,2388,100.0,38.75,23.2969
5,52,0.0008,0.0004,100.0,518.67,641.54,1584.59,1402.72,14.62,21.6,552.52,2388.1,9057.52,1.3,47.01,518.99,2387.93,8135.0,8.456,0.03,393,2388,100.0,38.65,23.2371
5,53,0.0014,-0.0004,100.0,518.67,640.93,1587.36,1410.71,14.62,21.6,552.76,2388.02,9061.43,1.3,47.34,519.24,2387.93,8134.18,8.43,0.03,393,2388,100.0,38.54,23.21
5,54,-0.0049,0.0003,100.0,518.67,641.43,1586.57,1405.86,14.62,21.6,552.44,2388.1,9029.66,1.3,47.34,519.58,2388.03,8150.5,8.416,0.03,392,2388,100.0,38.57,23.2751
5,55,-0.0005,-0.0001,100.0,518.67,641.29,1589.36,1405.07,14.62,21.6,552.64,2388.04,9050.01,1.3,47.35,518.82,2388.04,8142.47,8.433,0.03,392,2388,100.0,38.84,23.1264
5,56,-0.0041,-0.0003,100.0,518.67,640.93,1588.66,1402.3,14.62,21.6,553.03,2388.03,9060.78,1.3,47.6,519.31,2388.08,8130.22,8.48,0.03,392,2388,100.0,38.58,23.1763
5,57,-0.0018,-0.0002,100.0,518.67,641.26,1589.7,1402.18,14.62,21.6,552.09,2388.03,9047.19,1.3,47.2,519.55,2388.01,8144.77,8.41,0.03,392,2388,100.0,38.85,23.1471
5,58,-0.0005,-0.0004,100.0,518.67,640.99,1592.23,1404.57,14.62,21.6,551.26,2388.08,9064.0,1.3,47.57,519.82,2387.99,8136.99,8.474,0.03,391,2388,100.0,38.62,23.2366
5,59,0.0018,-0.0005,100.0,518.67,641.53,1587.92,1407.07,14.62,21.6,552.63,2388.11,9052.01,1.3,47.42,519.14,2388.13,8131.85,8.427,0.03,392,2388,100.0,38.71,23.228
5,60,-0.0027,0.0006,100.0,518.67,641.41,1589.08,1403.63,14.62,21.6,552.13,2388.12,9054.84,1.3,47.52,519.22,2388.05,8123.7,8.492,0.03,392,2388,100.0,38.67,23.1727
5,61,-0.0007,0.0002,100.0,518.67,641.26,1591.9,1400.81,14.62,21.6,551.72,2388.09,9054.86,1.3,47.41,520.01,2388.01,8140.44,8.434,0.03,393,2388,100.0,38.6,23.1535
5,62,-0.0002,0.0005,100.0,518.67,641.37,1592.73,1405.03,14.62,21.6,553.08,2388.09,9049.93,1.3,47.49,519.24,2387.95,8144.69,8.49,0.03,394,2388,100.0,38.73,23.1723
5,63,0.0017,0.0003,100.0,518.67,641.76,1587.68,1403.55,14.62,21.6,552.45,2387.99,9061.36,1.3,47.51,519.65,2388.05,8151.91,8.485,0.03,392,2388,100.0,38.64,23.1389
5,64,0.0011,-0.0003,100.0,518.67,641.63,1591.82,1400.77,14.62,21.6,552.11,2388.12,9068.11,1.3,47.22,519.18,2388.03,8116.76,8.445,0.03,393,2388,100.0,38.66,23.1038
5,65,0.0057,0.0001,100.0,518.67,641.39,1584.61,1405.39,14.62,21.6,550.93,2388.02,9061.68,1.3,47.69,519.49,2388.1,8131.76,8.458,0.03,394,2388,100.0,38.82,23.2442
5,66,-0.0021,-0.0,100.0,518.67,641.44,1587.17,1405.97,14.62,21.6,552.64,2388.16,9052.76,1.3,47.27,519.46,2388.14,8127.96,8.482,0.03,394,2388,100.0,38.69,23.1777
5,67,-0.0018,-0.0007,100.0,518.67,641.1,1586.82,1408.87,14.62,21.6,551.7,2388.03,9060.73,1.3,47.63,519.79,2388.08,8116.03,8.452,0.03,395,2388,100.0,38.77,23.0986
5,68,-0.0001,0.0001,100.0,518.67,641.19,1581.11,1404.95,14.62,21.6,551.51,2388.06,9054.49,1.3,47.45,518.79,2388.04,8112.7,8.473,0.03,391,2388,100.0,38.65,23.2196
5,69,-0.0021,0.0002,100.0,518.67,641.67,1578.15,1404.01,14.62,21.6,551.88,2388.08,9035.78,1.3,47.71,519.35,2388.01,8151.43,8.41,0.03,392,2388,100.0,38.49,23.2618
5,70,0.0007,0.0002,100.0,518.67,641.47,1589.84,1405.0,14.62,21.6,551.98,2388.05,9055.35,1.3,47.5,519.23,2387.98,8117.76,8.498,0.03,393,2388,100.0,38.71,23.1153
5,71,-0.0029,-0.0003,100.0,518.67,641.34,1586.17,1409.93,14.62,21.6,553.0,2388.1,9036.51,1.3,47.6,518.4,2388.06,8124.66,8.53,0.03,394,2388,100.0,38.6,23.1617
5,72,0.0005,0.0003,100.0,518.67,641.41,1585.14,1401.95,14.62,21.6,552.6,2388.1,9049.7,1.3,47.55,518.93,2388.1,8164.34,8.456,0.03,394,2388,100.0,38.6,23.1606
5,73,0.0001,-0.0001,100.0,518.67,642.02,1587.34,1407.23,14.62,21.6,552.09,2388.14,9051.75,1.3,47.15,519.08,2388.06,8142.76,8.528,0.03,393,2388,100.0,38.59,23.106
5,74,0.0004,0.0001,100.0,518.67,641.28,1590.64,1406.81,14.62,21.6,551.26,2388.06,9036.61,1.3,47.51,519.09,2388.06,8140.18,8.48,0.03,393,2388,100.0,38.66,23.0922
5,75,-0.0012,0.0,100.0,518.67,641.23,1590.93,1402.38,14.62,21.6,551.84,2388.12,9063.34,1.3,47.57,518.0,2388.12,8152.51,8.455,0.03,393,2388,100.0,38.58,23.0632
5,76,-0.0015,-0.0002,100.0,518.67,641.34,1585.51,1402.15,14.62,21.6,551.28,2388.11,9061.67,1.3,47.79,519.59,2388.07,8126.79,8.479,0.03,393,2388,100.0,38.6,23.1979
5,77,-0.0028,-0.0001,100.0,518.67,641.57,1587.57,1404.33,14.62,21.6,551.21,2388.14,9048.15,1.3,47.53,519.2,2388.01,8135.17,8.444,0.03,394,2388,100.0,38.55,23.1242
5,78,-0.0024,-0.0004,100.0,518.67,641.83,1590.11,1405.78,14.62,21.6,552.22,2388.05,9062.73,1.3,47.38,518.65,2388.1,8144.72,8.49,0.03,392,2388,100.0,38.6,23.1629
5,79,-0.0017,0.0004,100.0,518.67,640.84,1586.19,1403.25,14.62,21.6,550.81,2388.12,9056.7,1.3,47.7,519.72,2388.08,8138.16,8.475,0.03,391,2388,100.0,38.52,23.1582
5,80,0.0012,0.0001,100.0,518.67,641.22,1591.38,1411.28,14.62,21.6,552.21,2388.06,9065.15,1.3,47.52,519.17,2388.08,8133.0,8.449,0.03,393,2388,100.0,38.71,23.1292
5,81,0.0018,0.0002,100.0,518.67,641.38,1592.78,1404.0,14.62,21.6,551.85,2388.09,9049.52,1.3,47.49,518.79,2388.0,8131.91,8.451,0.03,394,2388,100.0,38.73,23.0881
5,82,0.0034,-0.0,100.0,518.67,641.21,1590.93,1403.7,14.62,21.6,551.32,2388.05,9062.5,1.3,47.47,518.15,2388.09,8120.11,8.442,0.03,394,2388,100.0,38.53,23.0318
5,83,0.0012,-0.0001,100.0,518.67,641.41,1587.76,1406.48,14.62,21.6,552.42,2388.02,9060.35,1.3,47.59,518.46,2388.01,8146.83,8.447,0.03,393,2388,100.0,38.69,23.1475
5,84,-0.0036,0.0005,100.0,518.67,641.34,1587.54,1406.64,14.62,21.6,552.68,2388.01,9063.48,1.3,47.61,518.75,2388.1,8145.9,8.437,0.03,395,2388,100.0,38.49,23.0871
5,85,-0.0005,0.0006,100.0,518.67,641.4,1588.7,1411.42,14.62,21.6,550.77,2388.07,9067.92,1.3,47.53,519.75,2388.1,8127.0,8.481,0.03,393,2388,100.0,38.56,23.366
5,86,0.002,0.0003,100.0,518.67,641.32,1593.55,1410.15,14.62,21.6,552.54,2388.02,9048.15,1.3,47.39,518.29,2388.08,8127.99,8.542,0.03,395,2388,100.0,38.61,23.2379
5,87,0.003,-0.0001,100.0,518.67,640.98,1588.23,1403.24,14.62,21.6,551.47,2388.1,9061.3,1.3,47.37,518.94,2388.04,8137.25,8.51,0.03,392,2388,100.0,38.59,23.1324
5,88,-0.001,0.0003,100.0,518.67,641.31,1587.26,1403.05,14.62,21.6,551.09,2388.12,9073.0,1.3,47.52,519.27,2388.15,8147.23,8.481,0.03,394,2388,100.0,38.5,23.0974
5,89,-0.0012,0.0007,100.0,518.67,641.29,1586.49,1401.78,14.62,21.6,551.44,2388.15,9062.65,1.3,47.35,518.28,2388.13,8132.52,8.518,0.03,393,2388,100.0,38.52,23.1194
5,90,-0.0019,-0.0002,100.0,518.67,641.55,1590.55,1399.66,14.62,21.6,550.97,2388.07,9058.42,1.3,47.46,519.35,2388.13,8149.2,8.469,0.03,393,2388,100.0,38.61,23.1252
5,91,-0.0012,-0.0004,100.0,518.67,641.5,1587.85,1408.84,14.62,21.6,551.95,2388.04,9060.65,1.3,47.44,518.02,2388.05,8147.9,8.473,0.03,395,2388,100.0,38.64,23.1112
5,92,0.0023,0.0001,100.0,518.67,641.28,1594.68,1407.19,14.62,21.6,550.75,2388.16,9061.66,1.3,47.62,518.35,2388.11,8146.07,8.465,0.03,392,2388,100.0,38.64,23.0503
5,93,0.0003,-0.0001,100.0,518.67,641.82,1587.97,1410.65,14.62,21.6,551.83,2388.21,9049.06,1.3,47.58,519.95,2388.07,8135.93,8.51,0.03,393,2388,100.0,38.45,23.1838
5,94,-0.004,-0.0001,100.0,518.67,641.83,1588.12,1403.52,14.62,21.6,550.69,2388.04,9059.88,1.3,47.53,517.93,2388.1,8140.82,8.477,0.03,393,2388,100.0,38.62,23.1848
5,95,-0.0006,0.0002,100.0,518.67,641.67,1591.88,1406.51,14.62,21.6,550.9,2388.12,9072.32,1.3,47.49,518.93,2388.05,8136.62,8.534,0.03,394,2388,100.0,38.48,23.0948
5,96,0.0025,0.0,100.0,518.67,641.25,1586.83,1409.24,14.62,21.6,551.16,2388.23,9064.44,1.3,47.53,518.09,2388.02,8139.38,8.475,0.03,395,2388,100.0,38.7,23.1532
5,97,-0.0024,-0.0002,100.0,518.67,641.85,1587.64,1410.98,14.62,21.6,551.15,2388.07,9057.18,1.3,47.59,518.99,2388.03,8132.26,8.491,0.03,394,2388,100.0,38.5,23.0539
5,98,0.0013,-0.0005,100.0,518.67,641.87,1588.9,1400.37,14.62,21.6,551.31,2388.08,9058.18,1.3,47.66,518.35,2388.03,8131.88,8.534,0.03,395,2388,100.0,38.41,23.1724
5,99,0.0005,0.0003,100.0,518.67,641.41,1584.11,1408.96,14.62,21.6,550.22,2388.04,9062.9,1.3,47.59,518.82,2388.11,8130.47,8.49,0.03,393,2388,100.0,38.55,23.0676
5,100,0.0008,0.0003,100.0,518.67,641.35,1593.3,1407.15,14.62,21.6,550.01,2388.02,9059.33,1.3,47.67,518.06,2388.16,8144.4,8.466,0.03,394,2388,100.0,38.76,23.052
5,101,0.0011,-0.0001,100.0,518.67,641.74,1593.31,1405.21,14.62,21.6,552.33,2388.12,9064.54,1.3,47.5,518.38,2388.07,8145.2,8.53,0.03,393,2388,100.0,38.68,23.1888
5,102,0.0017,-0.0002,100.0,518.67,641.42,1587.11,1410.62,14.62,21.6,551.37,2388.06,9064.93,1.3,47.58,519.01,2388.13,8152.91,8.539,0.03,394,2388,100.0,38.47,23.0578
5,103,-0.0042,-0.0003,100.0,518.67,641.59,1587.92,1406.17,14.62,21.6,550.75,2388.06,9058.0,1.3,47.47,518.18,2388.14,8132.5,8.549,0.03,395,2388,100.0,38.51,23.053
5,104,-0.0001,0.0003,100.0,518.67,641.46,1592.36,1411.79,14.62,21.6,550.5,2388.15,9059.72,1.3,47.5,518.12,2388.07,8117.02,8.52,0.03,393,2388,100.0,38.33,23.1055
5,105,-0.0015,0.0005,100.0,518.67,641.44,1586.39,1409.06,14.62,21.6,550.41,2388.14,9050.26,1.3,47.4,519.13,2388.11,8132.68,8.497,0.03,394,2388,100.0,38.63,23.067
5,106,0.0007,-0.0002,100.0,518.67,641.54,1590.21,1407.07,14.62,21.6,551.14,2388.04,9047.81,1.3,47.55,519.16,2388.04,8133.41,8.482,0.03,393,2388,100.0,38.56,23.173
5,107,0.0009,-0.0002,100.0,518.67,642.28,1590.01,1404.85,14.62,21.6,550.54,2388.2,9051.79,1.3,47.78,518.32,2388.14,8158.79,8.465,0.03,395,2388,100.0,38.43,23.0488
5,108,-0.0016,0.0002,100.0,518.67,641.61,1589.32,1407.81,14.62,21.6,551.19,2388.18,9073.39,1.3,47.6,517.93,2388.11,8122.29,8.48,0.03,394,2388,100.0,38.53,23.0388
5,109,-0.003,0.0,100.0,518.67,641.89,1593.25,1407.74,14.62,21.6,550.7,2388.11,9038.38,1.3,47.55,518.59,2388.16,8126.12,8.515,0.03,394,2388,100.0,38.54,22.9832
5,110,0.0005,0.0002,100.0,518.67,641.38,1589.14,1402.74,14.62,21.6,551.34,2388.12,9071.78,1.3,47.72,517.96,2388.08,8142.93,8.531,0.03,394,2388,100.0,38.62,23.0807
5,111,-0.002,-0.0,100.0,518.67,641.67,1586.35,1402.08,14.62,21.6,550.46,2388.12,9056.2,1.3,47.81,518.74,2388.02,8129.8,8.529,0.03,394,2388,100.0,38.53,23.0368
5,112,-0.0014,-0.0002,100.0,518.67,641.69,1595.11,1404.75,14.62,21.6,550.6,2388.18,9047.58,1.3,47.81,518.0,2388.05,8117.04,8.525,0.03,394,2388,100.0,38.54,23.0468
5,113,-0.0006,-0.0001,100.0,518.67,641.6,1588.03,1401.42,14.62,21.6,549.82,2388.14,9045.07,1.3,47.36,518.11,2388.09,8151.44,8.517,0.03,394,2388,100.0,38.45,23.1649
5,114,0.0019,-0.0004,100.0,518.67,641.65,1590.52,1406.25,14.62,21.6,551.11,2388.12,9057.08,1.3,47.82,518.5,2388.09,8116.81,8.516,0.03,394,2388,100.0,38.3,23.1007
5,115,-0.0008,-0.0001,100.0,518.67,641.41,1589.69,1413.26,14.62,21.6,551.16,2388.09,9065.48,1.3,47.63,518.18,2388.09,8144.11,8.43,0.03,393,2388,100.0,38.55,22.9841
5,116,-0.0011,-0.0,100.0,518.67,641.44,1588.1,1408.85,14.62,21.6,549.98,2388.1,9053.64,1.3,47.32,518.05,2388.13,8148.67,8.482,0.03,393,2388,100.0,38.51,23.1259
5,117,0.0003,0.0001,100.0,518.67,641.94,1588.0,1406.95,14.62,21.6,550.4,2388.07,9054.21,1.3,47.51,518.13,2388.04,8139.78,8.487,0.03,392,2388,100.0,38.53,23.09
5,118,0.001,-0.0002,100.0,518.67,641.46,1591.47,1413.97,14.62,21.6,550.75,2388.12,9047.3,1.3,47.76,518.38,2388.12,8134.4,8.528,0.03,394,2388,100.0,38.63,23.1301
5,119,0.0001,-0.0004,100.0,518.67,641.7,1591.08,1410.8,14.62,21.6,550.4,2388.24,9045.66,1.3,47.7,517.5,2387.99,8134.21,8.467,0.03,394,2388,100.0,38.5,23.1347
5,120,-0.003,0.0003,100.0,518.67,641.69,1593.44,1406.3,14.62,21.6,549.7,2388.07,9063.64,1.3,47.84,517.59,2388.12,8118.41,8.517,0.03,394,2388,100.0,38.38,23.0668
5,121,0.0014,-0.0009,100.0,518.67,642.01,1591.46,1410.96,14.62,21.6,549.37,2388.16,9059.24,1.3,47.65,518.4,2388.13,8159.8,8.517,0.03,393,2388,100.0,38.48,23.0959
5,122,0.002,-0.0004,100.0,518.67,641.68,1595.27,1407.2,14.62,21.6,550.67,2388.18,9053.5,1.3,47.55,517.84,2388.01,8133.57,8.521,0.03,395,2388,100.0,38.52,23.1045
5,123,0.0023,-0.0003,100.0,518.67,641.64,1597.76,1407.91,14.62,21.6,550.92,2388.06,9062.54,1.3,47.68,517.96,2388.05,8123.46,8.5,0.03,394,2388,100.0,38.58,23.1622
5,124,0.0028,0.0003,100.0,518.67,641.44,1589.3,1409.14,14.62,21.6,550.66,2388.17,9064.43,1.3,47.79,517.32,2388.14,8128.57,8.487,0.03,394,2388,100.0,38.58,23.0939
5,125,0.0,0.0001,100.0,518.67,641.73,1587.2,1403.39,14.62,21.6,550.33,2388.14,9065.63,1.3,47.64,518.03,2388.09,8158.85,8.519,0.03,396,2388,100.0,38.51,23.057
5,126,-0.0018,-0.0004,100.0,518.67,641.45,1587.98,1410.01,14.62,21.6,550.36,2388.2,9059.6,1.3,47.94,517.13,2388.09,8130.55,8.545,0.03,392,2388,100.0,38.36,23.0604
5,127,0.0031,0.0001,100.0,518.67,641.37,1587.07,1415.19,14.62,21.6,549.66,2388.22,9068.48,1.3,47.84,517.22,2388.02,8138.68,8.528,0.03,394,2388,100.0,38.59,22.9773
5,128,0.0017,-0.0003,100.0,518.67,641.93,1589.29,1405.31,14.62,21.6,549.33,2388.14,9054.29,1.3,47.78,517.99,2388.18,8141.53,8.535,0.03,395,2388,100.0,38.42,22.9877
5,129,0.0004,-0.0004,100.0,518.67,642.33,1595.12,1417.29,14.62,21.6,550.49,2388.12,9067.61,1.3,47.52,516.37,2388.06,8119.73,8.564,0.03,395,2388,100.0,38.36,23.1248
5,130,0.0019,-0.0005,100.0,518.67,641.63,1589.06,1411.69,14.62,21.6,550.07,2388.11,9064.42,1.3,47.66,517.35,2388.09,8161.68,8.508,0.03,393,2388,100.0,38.51,23.0512
5,131,-0.0028,0.0007,100.0,518.67,641.64,1589.71,1409.41,14.62,21.6,549.1,2388.16,9077.41,1.3,47.7,516.97,2388.07,8139.79,8.562,0.03,394,2388,100.0,38.53,22.9847
5,132,-0.0029,-0.0001,100.0,518.67,642.1,1591.1,1409.99,14.62,21.6,550.74,2388.12,9066.3,1.3,47.58,518.56,2388.06,8126.77,8.539,0.03,394,2388,100.0,38.48,23.066
5,133,-0.0022,0.0005,100.0,518.67,641.97,1595.01,1406.79,14.62,21.6,550.16,2388.2,9070.16,1.3,47.72,516.78,2388.19,8144.09,8.505,0.03,394,2388,100.0,38.33,23.1056
5,134,-0.0029,-0.0001,100.0,518.67,641.81,1594.09,1409.39,14.62,21.6,550.0,2388.15,9061.64,1.3,47.67,516.67,2388.06,8140.41,8.517,0.03,394,2388,100.0,38.43,23.0077
5,135,-0.001,-0.0001,100.0,518.67,641.75,1592.2,1408.31,14.62,21.6,549.15,2388.28,9052.0,1.3,47.63,517.75,2388.12,8143.78,8.512,0.03,394,2388,100.0,38.45,23.0335
5,136,0.0005,0.0003,100.0,518.67,641.75,1591.02,1413.37,14.62,21.6,550.91,2388.06,9068.36,1.3,47.78,517.02,2388.11,8150.2,8.502,0.03,394,2388,100.0,38.51,22.9937
5,137,-0.0003,0.0001,100.0,518.67,641.56,1588.47,1408.63,14.62,21.6,550.31,2388.11,9066.42,1.3,47.6,516.63,2388.08,8151.12,8.547,0.03,394,2388,100.0,38.41,23.0259
5,138,0.0002,-0.0003,100.0,518.67,641.68,1590.51,1403.83,14.62,21.6,550.14,2388.15,9058.82,1.3,47.59,518.2,2388.06,8140.71,8.514,0.03,394,2388,100.0,38.47,22.975
5,139,-0.0,0.0004,100.0,518.67,642.22,1590.81,1409.47,14.62,21.6,550.55,2388.12,9056.42,1.3,47.84,516.88,2388.16,8141.76,8.545,0.03,394,2388,100.0,38.38,23.1147
5,140,-0.0005,-0.0001,100.0,518.67,641.76,1591.82,1405.24,14.62,21.6,549.47,2388.2,9054.36,1.3,47.49,516.37,2388.03,8154.15,8.531,0.03,394,2388,100.0,38.47,23.0426
5,141,-0.0001,0.0003,100.0,518.67,641.82,1595.49,1411.92,14.62,21.6,549.51,2388.12,9071.27,1.3,47.67,516.93,2388.12,8136.7,8.54,0.03,396,2388,100.0,38.5,23.0393
5,142,-0.0028,-0.0001,100.0,518.67,641.97,1587.82,1418.07,14.62,21.6,549.81,2388.13,9065.59,1.3,47.58,518.39,2388.17,8149.73,8.49,0.03,394,2388,100.0,38.52,23.0657
5,143,-0.002,-0.0002,100.0,518.67,641.68,1589.57,1415.68,14.62,21.6,550.14,2388.09,9054.01,1.3,47.47,517.0,2388.18,8141.15,8.497,0.03,395,2388,100.0,38.52,23.0394
5,144,0.0041,0.0002,100.0,518.67,641.97,1589.01,1412.15,14.62,21.6,550.03,2388.13,9062.8,1.3,47.63,516.18,2388.16,8120.0,8.537,0.03,394,2388,100.0,38.44,23.0182
5,145,0.0005,0.0001,100.0,518.67,641.99,1596.67,1410.64,14.62,21.6,549.14,2388.18,9067.2,1.3,47.71,517.5,2388.09,8146.14,8.562,0.03,395,2388,100.0,38.42,22.9785
5,146,-0.0012,0.0002,100.0,518.67,642.43,1590.49,1411.59,14.62,21.6,549.07,2388.13,9045.28,1.3,47.92,516.09,2388.1,8124.0,8.509,0.03,395,2388,100.0,38.43,22.9804
5,147,-0.0012,-0.0002,100.0,518.67,641.81,1592.08,1417.42,14.62,21.6,549.61,2388.15,9069.59,1.3,47.79,517.47,2388.13,8127.01,8.573,0.03,395,2388,100.0,38.48,23.09
5,148,0.0008,0.0004,100.0,518.67,641.92,1590.95,1409.88,14.62,21.6,549.29,2388.25,9064.47,1.3,47.76,517.34,2388.26,8124.67,8.512,0.03,393,2388,100.0,38.39,23.0372
5,149,-0.0009,-0.0002,100.0,518.67,641.87,1590.14,1411.21,14.62,21.6,549.97,2388.21,9070.87,1.3,47.79,517.04,2388.07,8133.61,8.523,0.03,395,2388,100.0,38.43,23.0579
5,150,-0.0023,0.0004,100.0,518.67,641.73,1588.39,1408.28,14.62,21.6,549.31,2388.15,9060.73,1.3,47.74,516.71,2388.12,8151.27,8.549,0.03,393,2388,100.0,38.37,22.9936
5,151,0.0001,0.0004,100.0,518.67,641.8,1591.47,1417.21,14.62,21.6,549.85,2388.27,9066.27,1.3,47.5,517.49,2388.03,8143.84,8.489,0.03,394,2388,100.0,38.37,22.9808
5,152,-0.0007,0.0003,100.0,518.67,641.67,1593.42,1406.31,14.62,21.6,549.67,2388.12,9051.94,1.3,47.83,517.61,2388.11,8132.99,8.546,0.03,394,2388,100.0,38.41,22.8911
5,153,-0.0021,-0.0003,100.0,518.67,641.89,1592.38,1412.78,14.62,21.6,548.67,2388.24,9072.69,1.3,47.61,517.18,2388.08,8140.2,8.574,0.03,396,2388,100.0,38.45,23.0304
5,154,-0.0007,0.0001,100.0,518.67,642.2,1591.74,1406.76,14.62,21.6,549.73,2388.18,9057.43,1.3,47.91,516.78,2388.11,8138.39,8.533,0.03,394,2388,100.0,38.48,22.9566
5,155,0.001,0.0001,100.0,518.67,641.9,1594.53,1410.57,14.62,21.6,549.82,2388.15,9065.07,1.3,47.74,516.9,2388.1,8144.3,8.547,0.03,395,2388,100.0,38.38,22.9317
5,156,0.0001,0.0,100.0,518.67,641.93,1590.18,1405.66,14.62,21.6,549.2,2388.18,9060.51,1.3,47.78,516.72,2388.07,8144.38,8.527,0.03,394,2388,100.0,38.41,22.9807
5,157,-0.0024,0.0007,100.0,518.67,641.74,1593.87,1418.26,14.62,21.6,549.15,2388.17,9056.18,1.3,47.9,517.2,2388.09,8126.25,8.506,0.03,395,2388,100.0,38.38,23.0189
5,158,-0.0016,-0.0004,100.0,518.67,642.12,1592.17,1414.2,14.62,21.6,549.16,2388.21,9068.78,1.3,47.89,516.74,2388.15,8152.12,8.544,0.03,394,2388,100.0,38.48,22.9736
5,159,0.0013,-0.0,100.0,518.67,641.43,1595.48,1399.61,14.62,21.6,549.59,2388.2,9057.9,1.3,47.81,515.6,2388.15,8141.86,8.546,0.03,394,2388,100.0,38.41,23.003
5,160,-0.0037,0.0007,100.0,518.67,642.19,1588.28,1409.33,14.62,21.6,549.89,2388.07,9059.09,1.3,47.57,516.69,2388.1,8139.88,8.531,0.03,394,2388,100.0,38.41,23.0253
5,161,0.0011,-0.0001,100.0,518.67,641.75,1591.83,1412.78,14.62,21.6,549.45,2388.2,9063.66,1.3,47.78,515.53,2388.1,8160.45,8.55,0.03,394,2388,100.0,38.36,23.0185
5,162,0.0013,-0.0001,100.0,518.67,642.01,1597.26,1414.87,14.62,21.6,548.79,2388.26,9056.92,1.3,47.85,517.15,2388.09,8140.09,8.578,0.03,394,2388,100.0,38.49,22.9297
5,163,0.0039,0.0003,100.0,518.67,641.89,1591.06,1408.88,14.62,21.6,549.12,2388.24,9079.08,1.3,47.83,516.34,2388.09,8136.89,8.521,0.03,393,2388,100.0,38.52,23.0122
5,164,-0.0017,0.0002,100.0,518.67,641.62,1589.03,1407.76,14.62,21.6,548.97,2388.06,9073.09,1.3,47.77,515.81,2388.11,8145.4,8.565,0.03,396,2388,100.0,38.28,22.9975
5,165,-0.0014,-0.0005,100.0,518.67,642.14,1593.75,1412.18,14.62,21.6,548.68,2388.13,9063.8,1.3,47.96,517.51,2388.16,8139.55,8.561,0.03,394,2388,100.0,38.27,22.9945
5,166,-0.0027,-0.0,100.0,518.67,642.33,1594.87,1407.42,14.62,21.6,548.56,2388.18,9071.91,1.3,47.9,517.92,2388.18,8141.7,8.575,0.03,394,2388,100.0,38.25,23.0567
5,167,0.002,-0.0001,100.0,518.67,642.0,1596.17,1414.56,14.62,21.6,549.18,2388.18,9072.56,1.3,47.95,517.31,2388.07,8129.9,8.589,0.03,394,2388,100.0,38.22,23.0162
5,168,-0.0011,0.0005,100.0,518.67,642.01,1592.98,1409.76,14.62,21.6,549.22,2388.17,9057.39,1.3,47.81,516.14,2388.18,8117.67,8.552,0.03,395,2388,100.0,38.37,22.9519
5,169,0.0013,-0.0003,100.0,518.67,641.94,1594.49,1413.16,14.62,21.6,549.69,2388.19,9069.77,1.3,48.03,517.16,2388.18,8141.74,8.581,0.03,395,2388,100.0,38.24,23.001
5,170,0.0005,0.0002,100.0,518.67,641.92,1590.3,1414.0,14.62,21.6,549.82,2388.18,9065.87,1.3,47.9,516.87,2388.06,8149.37,8.567,0.03,394,2388,100.0,38.27,22.9673
5,171,-0.0026,0.0005,100.0,518.67,642.33,1593.98,1410.55,14.62,21.6,549.37,2388.28,9059.42,1.3,47.69,517.32,2388.04,8127.43,8.552,0.03,393,2388,100.0,38.42,23.025
5,172,-0.0011,0.0004,100.0,518.67,642.32,1592.33,1409.71,14.62,21.6,549.32,2388.2,9074.98,1.3,47.88,516.27,2388.13,8152.05,8.5,0.03,394,2388,100.0,38.44,22.9547
5,173,0.0031,0.0004,100.0,518.67,641.95,1591.01,1410.43,14.62,21.6,549.98,2388.2,9059.28,1.3,47.86,516.62,2388.07,8140.61,8.6,0.03,393,2388,100.0,38.39,23.0472
5,174,-0.0011,0.0005,100.0,518.67,641.8,1594.09,1410.42,14.62,21.6,548.45,2388.23,9071.02,1.3,47.84,515.79,2388.15,8144.77,8.555,0.03,396,2388,100.0,38.19,22.8657
5,175,-0.0015,0.0002,100.0,518.67,641.71,1589.86,1415.51,14.62,21.6,549.02,2388.23,9060.91,1.3,47.8,516.85,2388.06,8114.05,8.55,0.03,395,2388,100.0,38.33,23.0176
5,176,-0.004,0.0001,100.0,518.67,642.14,1588.8,1415.23,14.62,21.6,550.61,2388.09,9075.35,1.3,47.8,515.61,2388.1,8143.14,8.595,0.03,396,2388,100.0,38.42,22.9246
5,177,0.0023,0.0001,100.0,518.67,641.82,1592.26,1409.0,14.62,21.6,548.3,2388.15,9068.31,1.3,47.94,516.3,2388.2,8136.74,8.555,0.03,395,2388,100.0,38.3,22.9752
5,178,-0.005,0.0,100.0,518.67,641.54,1589.28,1406.57,14.62,21.6,548.38,2388.17,9069.87,1.3,47.89,515.42,2388.14,8143.74,8.556,0.03,395,2388,100.0,38.32,23.0074
5,179,-0.0031,-0.0001,100.0,518.67,642.38,1597.24,1415.38,14.62,21.6,549.67,2388.3,9063.61,1.3,47.74,516.21,2388.29,8121.15,8.552,0.03,394,2388,100.0,38.31,22.9072
5,180,-0.0002,-0.0006,100.0,518.67,642.16,1596.7,1410.51,14.62,21.6,548.55,2388.21,9064.42,1.3,47.97,516.93,2388.09,8136.33,8.594,0.03,394,2388,100.0,38.14,22.9767
5,181,0.001,-0.0002,100.0,518.67,641.86,1590.79,1408.64,14.62,21.6,547.91,2388.19,9057.56,1.3,47.68,516.73,2388.11,8142.35,8.523,0.03,394,2388,100.0,38.35,23.0929
5,182,-0.004,-0.0001,100.0,518.67,642.12,1591.27,1415.58,14.62,21.6,548.68,2388.18,9074.64,1.3,47.79,516.09,2388.18,8127.81,8.571,0.03,393,2388,100.0,38.2,22.9808
5,183,-0.002,-0.0002,100.0,518.67,642.14,1591.43,1415.54,14.62,21.6,548.82,2388.27,9067.53,1.3,48.08,516.69,2388.11,8155.72,8.578,0.03,394,2388,100.0,38.31,23.0155
5,184,0.0009,0.0005,100.0,518.67,642.3,1594.78,1408.21,14.62,21.6,548.57,2388.24,9070.15,1.3,47.91,516.27,2388.17,8129.96,8.622,0.03,393,2388,100.0,38.4,22.9557
5,185,0.002,0.0001,100.0,518.67,642.12,1594.92,1415.62,14.62,21.6,549.12,2388.15,9065.09,1.3,48.0,516.68,2388.16,8135.6,8.599,0.03,394,2388,100.0,38.42,22.9519
5,186,-0.0031,-0.0004,100.0,518.67,642.05,1593.72,1420.32,14.62,21.6,548.49,2388.15,9061.27,1.3,48.11,515.59,2388.17,8145.09,8.572,0.03,395,2388,100.0,38.18,23.0371
5,187,0.0038,0.0,100.0,518.67,642.65,1592.14,1414.11,14.62,21.6,548.16,2388.14,9052.4,1.3,48.16,515.87,2388.13,8127.07,8.602,0.03,394,2388,100.0,38.24,22.9674
5,188,-0.0021,-0.0001,100.0,518.67,642.4,1594.67,1413.1,14.62,21.6,548.18,2388.31,9058.88,1.3,47.93,516.17,2388.19,8153.72,8.574,0.03,395,2388,100.0,38.3,22.837
5,189,-0.0032,-0.0002,100.0,518.67,641.91,1589.83,1415.65,14.62,21.6,548.25,2388.15,9065.1,1.3,47.56,516.0,2388.14,8143.44,8.529,0.03,395,2388,100.0,38.18,22.9081
5,190,0.0014,0.0006,100.0,518.67,642.07,1591.02,1413.47,14.62,21.6,548.72,2388.35,9059.82,1.3,47.94,516.83,2388.22,8117.19,8.576,0.03,396,2388,100.0,38.5,22.982
5,191,-0.0007,-0.0003,100.0,518.67,642.62,1595.71,1409.39,14.62,21.6,548.51,2388.24,9058.42,1.3,47.83,515.2,2388.19,8136.55,8.591,0.03,396,2388,100.0,38.28,22.9393
5,192,0.0004,0.0,100.0,518.67,642.38,1594.5,1410.67,14.62,21.6,549.03,2388.15,9077.96,1.3,47.96,516.15,2388.19,8133.9,8.607,0.03,395,2388,100.0,38.14,22.8932
5,193,0.0011,-0.0003,100.0,518.67,642.48,1597.18,1418.25,14.62,21.6,548.41,2388.16,9073.75,1.3,47.97,516.26,2388.23,8133.49,8.576,0.03,395,2388,100.0,38.18,22.9319
5,194,0.001,-0.0001,100.0,518.67,642.41,1589.12,1417.47,14.62,21.6,547.89,2388.17,9049.22,1.3,47.82,516.48,2388.14,8154.77,8.562,0.03,395,2388,100.0,38.19,22.8911
5,195,-0.0002,-0.0002,100.0,518.67,641.7,1593.15,1413.47,14.62,21.6,548.76,2388.28,9071.71,1.3,47.97,515.31,2388.15,8148.04,8.625,0.03,395,2388,100.0,38.35,22.8859
5,196,-0.0007,0.0001,100.0,518.67,642.38,1593.31,1412.79,14.62,21.6,547.5,2388.3,9059.0,1.3,47.68,515.9,2388.23,8147.97,8.605,0.03,395,2388,100.0,38.23,22.8584
5,197,-0.0045,0.0001,100.0,518.67,642.43,1594.82,1415.68,14.62,21.6,548.34,2388.21,9059.56,1.3,48.2,516.14,2388.1,8126.93,8.621,0.03,394,2388,100.0,38.39,22.796
5,198,0.0028,0.0001,100.0,518.67,642.13,1593.31,1420.81,14.62,21.6,547.57,2388.13,9067.61,1.3,47.94,515.09,2388.14,8134.15,8.584,0.03,396,2388,100.0,38.36,22.9774
5,199,-0.0014,0.0001,100.0,518.67,642.13,1589.88,1414.91,14.62,21.6,548.1,2388.14,9066.52,1.3,47.78,516.25,2388.17,8139.05,8.575,0.03,395,2388,100.0,38.23,22.8915
5,200,-0.0028,0.0003,100.0,518.67,642.02,1594.42,1414.52,14.62,21.6,547.35,2388.14,9061.65,1.3,47.99,515.43,2388.13,8166.68,8.531,0.03,394,2388,100.0,38.38,22.926
5,201,-0.0014,0.0004,100.0,518.67,642.13,1592.92,1414.22,14.62,21.6,547.41,2388.22,9058.35,1.3,47.95,515.95,2388.19,8154.74,8.575,0.03,395,2388,100.0,38.27,22.9428
5,202,-0.001,-0.0003,100.0,518.67,642.25,1588.89,1412.45,14.62,21.6,547.19,2388.18,9075.29,1.3,48.04,515.47,2388.19,8151.92,8.583,0.03,394,2388,100.0,38.21,22.9196
5,203,-0.0025,0.0001,100.0,518.67,642.2,1595.39,1414.7,14.62,21.6,547.86,2388.24,9063.42,1.3,47.88,516.39,2388.05,8151.84,8.57,0.03,394,2388,100.0,38.24,22.8482
5,204,-0.0016,-0.0003,100.0,518.67,642.08,1591.69,1420.06,14.62,21.6,546.72,2388.25,9073.55,1.3,48.03,515.36,2388.14,8132.4,8.577,0.03,394,2388,100.0,38.21,22.8457
5,205,-0.0004,-0.0004,100.0,518.67,642.19,1592.11,1414.88,14.62,21.6,548.86,2388.1,9060.09,1.3,47.92,515.9,2388.07,8129.65,8.594,0.03,395,2388,100.0,38.24,22.9411
5,206,0.0007,0.0001,100.0,518.67,642.16,1596.18,1404.83,14.62,21.6,546.55,2388.18,9065.03,1.3,48.05,514.14,2388.15,8151.0,8.621,0.03,395,2388,100.0,38.19,22.8863
5,207,-0.0008,-0.0003,100.0,518.67,641.93,1595.54,1414.38,14.62,21.6,547.97,2388.27,9073.96,1.3,47.74,515.19,2388.14,8141.27,8.572,0.03,396,2388,100.0,38.37,22.9245
5,208,0.0002,0.0003,100.0,518.67,641.69,1594.36,1417.83,14.62,21.6,547.08,2388.22,9066.53,1.3,47.86,516.64,2388.13,8127.75,8.59,0.03,396,2388,100.0,38.21,22.9377
5,209,-0.0017,0.0004,100.0,518.67,642.31,1597.47,1415.45,14.62,21.6,547.26,2388.21,9077.86,1.3,48.18,514.99,2388.17,8136.48,8.573,0.03,395,2388,100.0,38.29,22.9341
5,210,-0.0006,0.0002,100.0,518.67,642.08,1595.6,1419.64,14.62,21.6,548.23,2388.16,9077.0,1.3,47.9,514.93,2388.19,8146.08,8.565,0.03,394,2388,100.0,38.18,22.8495
5,211,-0.0021,0.0,100.0,518.67,641.94,1595.69,1420.08,14.62,21.6,547.8,2388.34,9057.76,1.3,48.14,516.04,2388.2,8157.27,8.605,0.03,395,2388,100.0,38.28,22.9644
5,212,0.0022,0.0,100.0,518.67,642.0,1595.03,1417.95,14.62,21.6,547.44,2388.25,9056.87,1.3,48.12,515.09,2388.2,8128.03,8.628,0.03,395,2388,100.0,38.13,22.9405
5,213,-0.0012,0.0002,100.0,518.67,642.12,1589.34,1410.32,14.62,21.6,548.49,2388.28,9080.41,1.3,48.21,515.19,2388.15,8136.94,8.578,0.03,394,2388,100.0,38.19,22.8398
5,214,-0.0001,0.0006,100.0,518.67,642.07,1595.13,1417.95,14.62,21.6,547.81,2388.22,9065.65,1.3,47.87,515.85,2388.07,8153.59,8.557,0.03,396,2388,100.0,38.16,22.8406
5,215,0.0012,0.0003,100.0,518.67,642.09,1596.75,1405.25,14.62,21.6,548.38,2388.23,9052.69,1.3,47.91,514.94,2388.15,8137.54,8.605,0.03,395,2388,100.0,38.29,22.9216
5,216,0.0009,0.0003,100.0,518.67,642.11,1590.85,1419.28,14.62,21.6,547.66,2388.21,9062.73,1.3,48.11,515.87,2388.2,8151.56,8.618,0.03,395,2388,100.0,38.16,22.959
5,217,-0.0007,0.0001,100.0,518.67,642.01,1592.7,1413.58,14.62,21.6,548.03,2388.17,9068.54,1.3,48.02,514.45,2388.14,8145.17,8.615,0.03,395,2388,100.0,38.23,22.8912
5,218,0.0,0.0001,100.0,518.67,642.45,1592.7,1412.64,14.62,21.6,547.32,2388.31,9072.41,1.3,47.86,515.03,2388.18,8131.28,8.581,0.03,396,2388,100.0,38.12,22.9425
5,219,0.0025,-0.0002,100.0,518.67,642.0,1593.94,1410.3,14.62,21.6,547.36,2388.26,9079.09,1.3,48.12,515.55,2388.06,8147.53,8.655,0.03,393,2388,100.0,38.22,22.885
5,220,-0.0017,0.0002,100.0,518.67,642.65,1597.14,1413.24,14.62,21.6,547.54,2388.29,9064.9,1.3,47.98,516.69,2388.22,8156.07,8.561,0.03,395,2388,100.0,38.17,22.841
5,221,0.0032,0.0004,100.0,518.67,642.1,1600.21,1414.77,14.62,21.6,547.51,2388.28,9079.27,1.3,48.19,515.5,2388.16,8148.49,8.581,0.03,395,2388,100.0,38.07,22.8002
5,222,0.0001,0.0004,100.0,518.67,642.47,1594.66,1421.84,14.62,21.6,546.25,2388.14,9058.71,1.3,48.13,514.91,2388.19,8162.13,8.573,0.03,396,2388,100.0,38.2,22.8443
5,223,0.0027,-0.0001,100.0,518.67,642.15,1601.28,1417.01,14.62,21.6,548.18,2388.22,9078.24,1.3,47.96,514.92,2388.15,8134.97,8.632,0.03,396,2388,100.0,38.11,22.9192
5,224,-0.0006,-0.0001,100.0,518.67,642.26,1596.38,1416.55,14.62,21.6,547.85,2388.24,9063.08,1.3,47.84,515.66,2388.17,8145.02,8.64,0.03,395,2388,100.0,38.04,22.8871
5,225,0.0006,-0.0001,100.0,518.67,642.62,1587.58,1419.54,14.62,21.6,547.58,2388.08,9078.67,1.3,47.9,514.89,2388.16,8147.44,8.628,0.03,396,2388,100.0,38.21,22.8944
5,226,0.0008,-0.0003,100.0,518.67,642.07,1597.77,1418.47,14.62,21.6,546.97,2388.3,9059.19,1.3,48.18,514.99,2388.25,8124.34,8.663,0.03,395,2388,100.0,38.11,22.8897
5,227,-0.0014,-0.0,100.0,518.67,642.08,1593.02,1417.14,14.62,21.6,546.79,2388.18,9064.53,1.3,48.21,514.67,2388.13,8144.99,8.6,0.03,397,2388,100.0,38.13,22.8948
5,228,0.0019,0.0003,100.0,518.67,642.33,1594.69,1423.35,14.62,21.6,546.95,2388.22,9054.83,1.3,48.15,513.89,2388.17,8140.26,8.679,0.03,394,2388,100.0,38.07,22.8694
5,229,-0.0004,-0.0002,100.0,518.67,642.26,1591.44,1416.75,14.62,21.6,547.17,2388.23,9076.86,1.3,48.28,514.88,2388.24,8138.98,8.584,0.03,397,2388,100.0,38.18,22.8746
5,230,0.0014,0.0001,100.0,518.67,642.27,1591.28,1414.31,14.62,21.6,547.09,2388.3,9071.88,1.3,47.94,514.36,2388.16,8136.53,8.624,0.03,395,2388,100.0,38.08,22.9251
5,231,0.0003,-0.0002,100.0,518.67,642.29,1599.44,1416.63,14.62,21.6,546.68,2388.31,9087.44,1.3,47.96,514.4,2388.18,8153.39,8.612,0.03,395,2388,100.0,38.12,22.9005
5,232,-0.0008,0.0002,100.0,518.67,642.58,1596.07,1415.41,14.62,21.6,546.59,2388.21,9066.84,1.3,48.0,514.56,2388.26,8169.0,8.605,0.03,396,2388,100.0,38.11,22.9241
5,233,0.0026,-0.0005,100.0,518.67,642.42,1591.47,1422.62,14.62,21.6,546.58,2388.25,9066.74,1.3,48.13,515.46,2388.12,8165.06,8.665,0.03,395,2388,100.0,38.13,22.9525
5,234,0.0025,-0.0001,100.0,518.67,642.51,1604.43,1416.08,14.62,21.6,547.14,2388.27,9064.94,1.3,48.13,514.28,2388.14,8152.15,8.565,0.03,396,2388,100.0,37.96,22.7785
5,235,-0.001,0.0001,100.0,518.67,642.64,1595.66,1414.74,14.62,21.6,546.49,2388.27,9059.62,1.3,48.08,514.82,2388.13,8145.08,8.623,0.03,396,2388,100.0,37.99,22.8594
5,236,-0.0015,0.0003,100.0,518.67,642.5,1597.05,1412.98,14.62,21.6,546.06,2388.18,9059.09,1.3,48.07,515.2,2388.03,8159.03,8.623,0.03,394,2388,100.0,38.12,22.916
5,237,0.0012,0.0003,100.0,518.67,641.98,1594.33,1412.16,14.62,21.6,547.34,2388.41,9065.64,1.3,47.99,514.76,2388.25,8138.82,8.624,0.03,396,2388,100.0,38.11,22.8269
5,238,-0.0003,-0.0001,100.0,518.67,642.33,1598.45,1422.97,14.62,21.6,546.69,2388.22,9070.96,1.3,48.01,514.93,2388.23,8112.96,8.636,0.03,395,2388,100.0,38.14,22.8128
5,239,0.0024,0.0003,100.0,518.67,642.47,1598.04,1413.01,14.62,21.6,547.34,2388.23,9081.11,1.3,48.05,515.03,2388.28,8134.85,8.624,0.03,396,2388,100.0,38.18,22.8394
5,240,-0.001,-0.0001,100.0,518.67,642.7,1594.87,1416.37,14.62,21.6,547.29,2388.28,9061.6,1.3,47.97,513.76,2388.14,8152.91,8.663,0.03,396,2388,100.0,38.14,22.8476
5,241,0.0015,0.0001,100.0,518.67,642.79,1595.46,1421.5,14.62,21.6,547.27,2388.17,9077.14,1.3,48.08,514.51,2388.11,8143.37,8.625,0.03,395,2388,100.0,37.98,22.8764
5,242,0.0017,0.0001,100.0,518.67,642.64,1595.54,1415.98,14.62,21.6,545.87,2388.36,9078.84,1.3,47.92,514.78,2388.17,8140.21,8.613,0.03,396,2388,100.0,38.16,22.8703
5,243,-0.0002,-0.0,100.0,518.67,642.59,1597.23,1416.55,14.62,21.6,546.98,2388.25,9076.45,1.3,47.96,514.47,2388.21,8129.96,8.579,0.03,396,2388,100.0,37.95,22.7834
5,244,0.0015,-0.0001,100.0,518.67,642.68,1592.27,1415.95,14.62,21.6,546.04,2388.32,9074.04,1.3,47.9,514.63,2388.2,8136.53,8.582,0.03,396,2388,100.0,38.26,22.8271
5,245,0.0031,-0.0002,100.0,518.67,642.42,1598.24,1416.36,14.62,21.6,547.15,2388.37,9072.44,1.3,48.04,514.53,2388.31,8145.28,8.61,0.03,395,2388,100.0,37.93,22.8628
5,246,0.0013,-0.0001,100.0,518.67,642.37,1592.46,1416.99,14.62,21.6,546.36,2388.36,9063.42,1.3,48.15,515.02,2388.18,8141.46,8.586,0.03,397,2388,100.0,38.06,22.8696
5,247,0.0013,-0.0002,100.0,518.67,642.33,1600.02,1412.06,14.62,21.6,546.21,2388.22,9071.26,1.3,48.41,513.62,2388.18,8149.49,8.631,0.03,396,2388,100.0,38.02,22.8109
5,248,-0.0003,-0.0003,100.0,518.67,642.37,1594.9,1414.71,14.62,21.6,545.53,2388.27,9088.82,1.3,47.98,515.19,2388.19,8136.59,8.591,0.03,396,2388,100.0,38.19,22.8196
5,249,-0.0002,0.0003,100.0,518.67,642.47,1591.39,1417.06,14.62,21.6,546.57,2388.14,9073.47,1.3,48.1,513.61,2388.1,8155.59,8.609,0.03,395,2388,100.0,38.06,22.805
5,250,0.0002,-0.0001,100.0,518.67,642.09,1594.62,1418.5,14.62,21.6,546.52,2388.38,9076.29,1.3,48.24,514.41,2388.2,8138.77,8.656,0.03,396,2388,100.0,38.08,22.8433
5,251,-0.0,0.0009,100.0,518.67,642.23,1594.17,1419.57,14.62,21.6,546.36,2388.23,9074.46,1.3,48.2,514.31,2388.22,8121.7,8.612,0.03,396,2388,100.0,37.97,22.746
5,252,-0.0006,0.0002,100.0,518.67,642.73,1594.6,1419.8,14.62,21.6,547.24,2388.26,9056.22,1.3,48.15,513.94,2388.15,8140.44,8.624,0.03,396,2388,100.0,38.11,22.8132
5,253,0.0008,0.0,100.0,518.67,642.64,1595.72,1416.61,14.62,21.6,546.38,2388.24,9063.63,1.3,48.24,513.87,2388.17,8156.29,8.625,0.03,396,2388,100.0,38.01,22.7772
5,254,-0.0032,0.0004,100.0,518.67,642.13,1598.57,1413.0,14.62,21.6,547.77,2388.2,9062.1,1.3,48.24,514.65,2388.23,8137.28,8.696,0.03,396,2388,100.0,37.95,22.8152
5,255,-0.0024,0.0005,100.0,518.67,642.26,1597.85,1415.18,14.62,21.6,545.27,2388.31,9081.25,1.3,48.03,513.59,2388.23,8124.46,8.674,0.03,395,2388,100.0,37.96,22.8384
5,256,-0.0021,-0.0002,100.0,518.67,642.52,1589.13,1423.7,14.62,21.6,545.61,2388.23,9078.87,1.3,48.23,515.03,2388.16,8147.83,8.651,0.03,396,2388,100.0,38.13,22.7883
5,257,-0.0002,-0.0002,100.0,518.67,642.42,1598.56,1410.58,14.62,21.6,545.67,2388.27,9080.97,1.3,48.2,514.48,2388.13,8131.8,8.667,0.03,395,2388,100.0,38.0,22.8705
5,258,-0.0021,0.0001,100.0,518.67,642.45,1596.5,1415.19,14.62,21.6,545.68,2388.31,9065.76,1.3,48.29,514.17,2388.14,8141.53,8.627,0.03,397,2388,100.0,38.01,22.8066
5,259,0.0028,0.0002,100.0,518.67,642.86,1600.33,1413.78,14.62,21.6,547.21,2388.37,9079.09,1.3,48.29,514.11,2388.15,8140.22,8.591,0.03,397,2388,100.0,38.01,22.8832
5,260,-0.0025,0.0003,100.0,518.67,642.33,1592.75,1423.91,14.62,21.6,546.39,2388.29,9074.78,1.3,48.19,513.84,2388.17,8168.03,8.722,0.03,397,2388,100.0,38.07,22.7998
5,261,-0.0016,-0.0002,100.0,518.67,642.32,1603.1,1424.69,14.62,21.6,545.66,2388.34,9069.44,1.3,47.89,514.35,2388.15,8134.86,8.635,0.03,395,2388,100.0,38.02,22.8108
5,262,-0.0038,0.0005,100.0,518.67,642.22,1593.83,1416.22,14.62,21.6,547.08,2388.31,9075.96,1.3,48.21,514.3,2388.21,8121.42,8.636,0.03,397,2388,100.0,38.34,22.7528
5,263,0.0008,-0.0002,100.0,518.67,642.98,1592.67,1420.1,14.62,21.6,545.99,2388.29,9080.07,1.3,48.04,514.49,2388.2,8147.94,8.673,0.03,395,2388,100.0,38.08,22.7827
5,264,0.0022,0.0001,100.0,518.67,642.42,1595.01,1420.96,14.62,21.6,545.83,2388.24,9077.14,1.3,47.99,513.48,2388.14,8139.74,8.605,0.03,394,2388,100.0,37.93,22.8414
5,265,-0.0025,-0.0001,100.0,518.67,642.96,1596.67,1419.1,14.62,21.6,547.42,2388.27,9069.85,1.3,48.36,514.01,2388.2,8141.4,8.638,0.03,396,2388,100.0,38.06,22.7753
5,266,-0.0015,-0.0002,100.0,518.67,642.13,1592.09,1418.99,14.62,21.6,546.61,2388.18,9069.79,1.3,48.05,514.15,2388.18,8151.94,8.647,0.03,394,2388,100.0,37.93,22.8059
5,267,0.0002,-0.0004,100.0,518.67,642.1,1597.08,1412.25,14.62,21.6,545.79,2388.27,9064.81,1.3,48.1,514.06,2388.16,8145.74,8.637,0.03,396,2388,100.0,38.08,22.8457
5,268,0.0026,0.0003,100.0,518.67,642.55,1595.66,1416.38,14.62,21.6,546.03,2388.33,9066.11,1.3,48.19,513.69,2388.21,8138.35,8.627,0.03,395,2388,100.0,38.04,22.797
5,269,-0.0009,0.0001,100.0,518.67,642.4,1600.38,1414.1,14.62,21.6,545.16,2388.28,9058.56,1.3,48.3,514.38,2388.24,8145.35,8.624,0.03,395,2388,100.0,38.12,22.8718
